time,voltage
1542233933882,591
1542233935613,591
1542233936615,591
1542233937613,591
1542233939617,591
1542233940620,591
1542233941618,591
1542233943624,591
1542233944624,591
1542233945629,591
1542233946638,591
1542233947630,591
1542233948628,591
1542233949631,591
1542233950629,591
1542233951633,591
1542233952630,591
1542233953635,591
1542233954636,591
1542233955637,591
1542233956641,591
1542233957639,591
1542233959640,591
1542233960644,591
1542233961642,591
1542233962647,591
1542233963646,591
1542233964649,591
1542233965648,591
1542233966652,591
1542233967655,591
1542233968653,591
1542233969655,591
1542233971659,591
1542233972656,591
1542233973661,591
1542233975661,591
1542233976669,591
1542233977664,591
1542233979666,591
1542233980671,591
1542233981667,591
1542233982672,591
1542233983669,591
1542233984673,591
1542233985681,592
1542233986680,591
1542233987677,591
1542233988678,592
1542233989682,591
1542233990679,591
1542233991684,591
1542233992682,591
1542233993686,591
1542233995688,591
1542233996685,591
1542233997690,591
1542233998690,591
1542233999691,591
1542234000694,591
1542234001693,591
1542234002698,591
1542234003694,591
1542234004699,591
1542234005697,591
1542234007699,591
1542234008706,591
1542234009707,591
1542234011708,591
1542234012707,591
1542234013711,592
1542234015713,592
1542234016721,592
1542234017714,591
1542234018722,591
1542234019717,591
1542234020721,592
1542234021720,591
1542234022723,591
1542234023721,592
1542234024725,592
1542234025723,592
1542234026730,592
1542234027727,592
1542234028729,592
1542234029733,592
1542234030731,592
1542234031734,591
1542234032733,592
1542234033736,591
1542234034744,591
1542234035737,592
1542234036745,592
1542234037740,592
1542234039742,592
1542234040746,592
1542234041743,592
1542234043747,592
1542234044751,592
1542234045758,592
1542234047755,592
1542234048755,592
1542234049758,592
1542234051761,592
1542234052757,592
1542234053762,591
1542234054770,591
1542234055764,592
1542234056762,592
1542234057765,592
1542234059768,592
1542234060772,592
1542234061770,592
1542234062774,592
1542234063772,592
1542234064775,592
1542234065772,592
1542234066781,592
1542234067781,592
1542234068780,591
1542234069783,591
1542234071786,591
1542234072784,591
1542234073788,592
1542234075789,592
1542234076788,592
1542234077792,592
1542234079793,591
1542234080796,592
1542234081795,592
1542234083797,592
1542234084801,591
1542234085806,591
1542234086803,591
1542234087807,591
1542234088804,592
1542234089809,592
1542234090809,592
1542234091813,592
1542234092809,592
1542234093812,592
1542234095814,592
1542234096821,592
1542234097817,592
1542234098821,592
1542234099819,592
1542234100823,591
1542234101820,591
1542234103821,591
1542234104827,592
1542234105824,592
1542234107832,591
1542234108831,591
1542234109835,591
1542234111836,591
1542234112844,592
1542234113839,592
1542234115840,591
1542234116838,591
1542234117842,591
1542234118846,591
1542234119844,592
1542234120848,592
1542234121846,592
1542234123852,591
1542234124853,591
1542234125857,591
1542234127859,591
1542234128856,591
1542234129861,591
1542234131862,591
1542234132859,591
1542234133865,591
1542234135866,591
1542234136870,591
1542234137868,591
1542234139870,592
1542234140874,591
1542234143873,591
1542234144878,592
1542234145880,592
1542234147885,592
1542234148881,592
1542234149887,592
1542234150884,591
1542234151887,592
1542234152886,592
1542234153889,592
1542234155892,592
1542234156896,592
1542234157894,591
1542234159895,591
1542234160899,591
1542234161897,592
1542234162906,591
1542234163898,591
1542234164903,592
1542234165900,592
1542234167910,592
1542234168906,591
1542234169911,592
1542234170909,592
1542234171914,592
1542234172909,592
1542234175917,592
1542234176917,593
1542234177918,594
1542234179920,595
1542234180925,597
1542234181923,599
1542234183930,600
1542234184929,602
1542234185933,603
1542234187937,603
1542234188932,603
1542234189937,603
1542234191939,603
1542234192936,604
1542234193939,604
1542234195941,605
1542234196946,605
1542234197944,606
1542234199946,606
1542234200949,607
1542234201948,1023
1542234202954,1023
1542234203948,1023
1542234204954,1023
1542234205952,1023
1542234206956,1023
1542234207960,1023
1542234208956,543
1542234209962,543
1542234210959,543
1542234211964,543
1542234212961,543
1542234213964,543
1542234215966,543
1542234216972,542
1542234217969,542
1542234219971,542
1542234220975,542
1542234221972,542
1542234223974,542
1542234224978,542
1542234225985,543
1542234227985,543
1542234228983,543
1542234229986,543
1542234231989,542
1542234232985,610
1542234233991,609
1542234235992,609
1542234236993,608
1542234237994,608
1542234238998,608
1542234239996,608
1542234241001,608
1542234241998,607
1542234243002,607
1542234244009,607
1542234245003,607
1542234246001,607
1542234247006,607
1542234248010,607
1542234249008,607
1542234250012,606
1542234252012,607
1542234253011,606
1542234254015,606
1542234256018,606
1542234257015,606
1542234258019,606
1542234260022,606
1542234262024,606
1542234264027,606
1542234265030,606
1542234268036,1023
1542234276054,1023
1542234277048,1023
1542234278045,1023
1542234280047,1023
1542234281050,1023
1542234282048,1023
1542234283058,1023
1542234284056,1023
1542234285056,611
1542234286059,1023
1542234288062,611
1542234289058,1023
1542234290064,1023
1542234294066,1023
1542234296069,1023
1542234297073,1023
1542234298071,1023
1542234299075,1023
1542234300072,1023
1542234301082,1023
1542234302075,1023
1542234305081,1023
1542234306085,1023
1542234308088,545
1542234309085,549
1542234313098,540
1542234314092,517
1542234316095,495
1542234317100,503
1542234318096,545
1542234320109,546
1542234321102,548
1542234322109,552
1542234323106,556
1542234324108,547
1542234325107,542
1542234326109,540
1542234328114,608
1542234330114,608
1542234331122,608
1542234332116,608
1542234333121,608
1542234334119,608
1542234335123,608
1542234336128,607
1542234337124,607
1542234338122,607
1542234339125,607
1542234340133,607
1542234341128,607
1542234342133,608
1542234343130,608
1542234344134,608
1542234345131,608
1542234346137,609
1542234347134,609
1542234348138,609
1542234349146,609
1542234350139,609
1542234351138,609
1542234352142,609
1542234353146,610
1542234354145,610
1542234356145,610
1542234357149,610
1542234358147,611
1542234360155,611
1542234361154,611
1542234362158,611
1542234363156,611
1542234364159,611
1542234365168,611
1542234366162,611
1542234367160,611
1542234368165,611
1542234369172,612
1542234370165,612
1542234371171,612
1542234372168,612
1542234373173,612
1542234374180,612
1542234375175,612
1542234376172,612
1542234377176,611
1542234378176,612
1542234379178,613
1542234380176,613
1542234381180,613
1542234382184,613
1542234383183,617
1542234388190,618
1542234389195,618
1542234390191,618
1542234391197,618
1542234392194,618
1542234393198,617
1542234395199,618
1542234396199,619
1542234397203,619
1542234398200,620
1542234399204,621
1542234400215,622
1542234401206,622
1542234402211,623
1542234403208,624
1542234404212,624
1542234405215,625
1542234406226,625
1542234407218,626
1542234408216,626
1542234409230,627
1542234410228,627
1542234411223,628
1542234412240,629
1542234413224,629
1542234414232,630
1542234415238,630
1542234416231,630
1542234417229,631
1542234418238,631
1542234419231,632
1542234420234,632
1542234421245,632
1542234422238,633
1542234423242,633
1542234424243,634
1542234425243,634
1542234426242,635
1542234427249,635
1542234428243,635
1542234429248,636
1542234430255,636
1542234432248,636
1542234433254,637
1542234434255,637
1542234435253,638
1542234436257,638
1542234437255,638
1542234438259,638
1542234439257,639
1542234440261,639
1542234441269,639
1542234443268,640
1542234444264,640
1542234445270,640
1542234446268,640
1542234447271,641
1542234448269,641
1542234449274,641
1542234450276,641
1542234451285,642
1542234452282,642
1542234453278,642
1542234454283,642
1542234455280,643
1542234456285,643
1542234457292,643
1542234458286,643
1542234459284,643
1542234460290,644
1542234461292,644
1542234462291,644
1542234463293,644
1542234464291,645
1542234466302,647
1542234480316,647
1542234481318,647
1542234482326,647
1542234483320,648
1542234484319,648
1542234487325,648
1542234488330,648
1542234489327,649
1542234491340,649
1542234494339,649
1542234495340,649
1542234497344,649
1542234500342,650
1542234501347,650
1542234503348,650
1542234504352,650
1542234505349,650
1542234506353,650
1542234507352,650
1542234508356,651
1542234509353,651
1542234510358,651
1542234511366,651
1542234512360,651
1542234513365,651
1542234514363,651
1542234515366,651
1542234516364,651
1542234517368,651
1542234518367,651
1542234519371,651
1542234520379,651
1542234521373,652
1542234522377,651
1542234524380,652
1542234526381,652
1542234527389,652
1542234528383,652
1542234529384,652
1542234530384,652
1542234531389,652
1542234532387,652
1542234533391,652
1542234534390,652
1542234535393,653
1542234536400,653
1542234537408,653
1542234538400,653
1542234539397,653
1542234540401,653
1542234541400,653
1542234542404,653
1542234543401,653
1542234544406,653
1542234545414,653
1542234546411,653
1542234547413,654
1542234548410,654
1542234549414,653
1542234551417,653
1542234552414,654
1542234553419,654
1542234554416,654
1542234555423,654
1542234556424,654
1542234557423,654
1542234558427,654
1542234559424,654
1542234560429,654
1542234561425,654
1542234562431,654
1542234563436,654
1542234564433,654
1542234565437,654
1542234566435,655
1542234569444,655
1542234573446,656
1542234581464,656
1542234586474,656
1542234589470,656
1542234596480,656
1542234597484,656
1542234598481,656
1542234600482,656
1542234601488,656
1542234602496,657
1542234603490,657
1542234604495,657
1542234605503,657
1542234606498,657
1542234608498,657
1542234609495,657
1542234610500,657
1542234612503,657
1542234613511,657
1542234614506,657
1542234616506,657
1542234617511,657
1542234618508,657
1542234620511,657
1542234621514,658
1542234622519,658
1542234623516,658
1542234624522,658
1542234625519,658
1542234626523,658
1542234628524,658
1542234629532,658
1542234632530,658
1542234633533,658
1542234634531,658
1542234636534,658
1542234637538,658
1542234638535,658
1542234641541,658
1542234642548,659
1542234644551,659
1542234645552,659
1542234646549,659
1542234648551,659
1542234649557,659
1542234650554,659
1542234652556,659
1542234653561,659
1542234654558,659
1542234655562,659
1542234656568,659
1542234657564,659
1542234658569,659
1542234661574,660
1542234662572,660
1542234664575,660
1542234665580,660
1542234666578,660
1542234668578,660
1542234669584,660
1542234670582,660
1542234672590,660
1542234673599,660
1542234674592,660
1542234676594,660
1542234678595,660
1542234679603,660
1542234680597,660
1542234681603,660
1542234682610,660
1542234684603,660
1542234685606,660
1542234686613,661
1542234688613,661
1542234689610,660
1542234690615,660
1542234691623,661
1542234692616,661
1542234693624,661
1542234694619,661
1542234696621,661
1542234697624,661
1542234698623,661
1542234699630,661
1542234700634,661
1542234701629,661
1542234702627,661
1542234704634,661
1542234705633,661
1542234706636,661
1542234708641,661
1542234709641,661
1542234710641,661
1542234712643,661
1542234713648,661
1542234714645,661
1542234718648,661
1542234719654,662
1542234723658,661
1542234724661,662
1542234725660,662
1542234727661,662
1542234728666,662
1542234729663,662
1542234731677,662
1542234732669,662
1542234733677,662
1542234735677,662
1542234736679,662
1542234737678,662
1542234739680,662
1542234740686,662
1542234741695,662
1542234742687,662
1542234743694,662
1542234744689,662
1542234745694,662
1542234747697,662
1542234748694,662
1542234749698,662
1542234751700,662
1542234752708,663
1542234753702,662
1542234754709,663
1542234755703,663
1542234756709,663
1542234757706,663
1542234759716,662
1542234760713,663
1542234761710,663
1542234762715,663
1542234763719,663
1542234764717,663
1542234765721,663
1542234768728,663
1542234769727,663
1542234771728,663
1542234772732,663
1542234773729,663
1542234775735,663
1542234776736,663
1542234777741,664
1542234780741,663
1542234781746,664
1542234783747,663
1542234784749,663
1542234785749,663
1542234787750,663
1542234788756,664
1542234789753,664
1542234791757,664
1542234792760,663
1542234795765,664
1542234796763,664
1542234798765,664
1542234799771,664
1542234800778,664
1542234801772,664
1542234802777,664
1542234804779,664
1542234805787,664
1542234806780,664
1542234808783,664
1542234809791,664
1542234810786,664
1542234812788,664
1542234814789,665
1542234818802,664
1542234820803,664
1542234821800,665
1542234822805,665
1542234824807,665
1542234825811,665
1542234827813,665
1542234828810,665
1542234829815,665
1542234831817,665
1542234832815,665
1542234835822,665
1542234836826,665
1542234837824,665
1542234839825,665
1542234840831,665
1542234841830,665
1542234843838,665
1542234844833,665
1542234845839,665
1542234847840,665
1542234848848,665
1542234849843,665
1542234851845,665
1542234852851,666
1542234853846,666
1542234854855,665
1542234855848,665
1542234857855,666
1542234859863,666
1542234860858,666
1542234861862,666
1542234863863,666
1542234864872,666
1542234865865,666
1542234866871,666
1542234868874,666
1542234869882,666
1542234871874,666
1542234872880,666
1542234874883,666
1542234875885,666
1542234876882,666
1542234877886,666
1542234878883,666
1542234879888,666
1542234880886,666
1542234881889,666
1542234882886,666
1542234883890,666
1542234884896,666
1542234885893,666
1542234887895,666
1542234888900,666
1542234889903,666
1542234890902,666
1542234891905,666
1542234892904,666
1542234893908,666
1542234894906,666
1542234895910,666
1542234896908,666
1542234897911,666
1542234899914,667
1542234900919,667
1542234901917,666
1542234903918,666
1542234904923,667
1542234905921,667
1542234907931,667
1542234908926,667
1542234909931,667
1542234910929,667
1542234912931,667
1542234913935,666
1542234914932,667
1542234917939,667
1542234918947,667
1542234920946,667
1542234921944,667
1542234922948,667
1542234924950,667
1542234925954,667
1542234926952,667
1542234928954,667
1542234929959,667
1542234930956,667
1542234932958,667
1542234933962,667
1542234934967,667
1542234937967,667
1542234938971,667
1542234940972,667
1542234941980,667
1542234942976,667
1542234944988,667
1542234945982,668
1542234946979,667
1542234948981,667
1542234949985,667
1542234950989,667
1542234951997,668
1542234952990,668
1542234953998,668
1542234956001,668
1542234956996,668
1542234960000,668
1542234960999,668
1542234962004,668
1542234963000,668
1542234964006,668
1542234965013,668
1542234966007,668
1542234968010,668
1542234969013,668
1542234970012,668
1542234971016,668
1542234972025,668
1542234973019,668
1542234976027,668
1542234977021,668
1542234978029,668
1542234979025,668
1542234980029,668
1542234981037,668
1542234982030,668
1542234983033,669
1542234984033,668
1542234985037,668
1542234986035,668
1542234987039,669
1542234988038,669
1542234993045,669
1542234994050,669
1542234996055,669
1542234997050,669
1542234998054,668
1542235000055,669
1542235001060,669
1542235002059,669
1542235004061,669
1542235005067,669
1542235006064,669
1542235007068,669
1542235008065,669
1542235009069,669
1542235010074,669
1542235012076,669
1542235013073,669
1542235014077,669
1542235016080,669
1542235017084,669
1542235018082,669
1542235020084,669
1542235021088,669
1542235022088,669
1542235024090,669
1542235025093,669
1542235026096,669
1542235028099,669
1542235029096,669
1542235030101,669
1542235031104,670
1542235033108,670
1542235034104,670
1542235035117,670
1542235037112,670
1542235038127,670
1542235041125,670
1542235042119,670
1542235043119,670
1542235045119,670
1542235046128,670
1542235047132,670
1542235049132,670
1542235050131,670
1542235051133,670
1542235053135,670
1542235054143,670
1542235055136,670
1542235057138,670
1542235058144,670
1542235059141,670
1542235061145,670
1542235062147,670
1542235063155,670
1542235065154,670
1542235066152,670
1542235067157,670
1542235068153,670
1542235069159,670
1542235070157,670
1542235071161,670
1542235072158,670
1542235073164,670
1542235074167,671
1542235075166,671
1542235076169,670
1542235077167,671
1542235078172,671
1542235079172,670
1542235080174,670
1542235081180,670
1542235082175,671
1542235083180,671
1542235084178,671
1542235085182,671
1542235086178,671
1542235087184,671
1542235088181,671
1542235089186,671
1542235090190,671
1542235091187,671
1542235093190,671
1542235094195,671
1542235095197,671
1542235096197,671
1542235097194,671
1542235098199,671
1542235099202,671
1542235100201,671
1542235101206,671
1542235102203,671
1542235103208,671
1542235104205,671
1542235105213,671
1542235106214,671
1542235107210,671
1542235108216,671
1542235109214,671
1542235110218,671
1542235112221,671
1542235113224,671
1542235114224,671
1542235115226,671
1542235116224,671
1542235117228,671
1542235118226,671
1542235119231,671
1542235120238,671
1542235121233,671
1542235122239,672
1542235123235,672
1542235124239,672
1542235125237,672
1542235126241,672
1542235127249,672
1542235128243,672
1542235129249,672
1542235130246,672
1542235133251,672
1542235134249,672
1542235135254,672
1542235136253,672
1542235137256,672
1542235138261,672
1542235139269,672
1542235140264,672
1542235141260,672
1542235142265,672
1542235143272,672
1542235144267,672
1542235145270,672
1542235146268,672
1542235148271,672
1542235149275,672
1542235150273,672
1542235152278,672
1542235153279,672
1542235154283,672
1542235155292,672
1542235156286,672
1542235157283,672
1542235158288,672
1542235159295,672
1542235160290,672
1542235161298,672
1542235162292,673
1542235163296,672
1542235165298,672
1542235166296,673
1542235167300,673
1542235168308,672
1542235169305,672
1542235170308,673
1542235171305,673
1542235172313,673
1542235173307,672
1542235174312,672
1542235175309,673
1542235176313,673
1542235177320,673
1542235178314,672
1542235179320,673
1542235180317,673
1542235181324,673
1542235182321,673
1542235183324,673
1542235184324,673
1542235185326,673
1542235187328,673
1542235189330,673
1542235190333,673
1542235191335,673
1542235192337,673
1542235193341,673
1542235194339,673
1542235195342,673
1542235196341,673
1542235197345,673
1542235198341,673
1542235199346,673
1542235200354,673
1542235201348,673
1542235202354,673
1542235203352,673
1542235204356,673
1542235205354,673
1542235206357,673
1542235207354,673
1542235208360,673
1542235209368,673
1542235210362,673
1542235211365,673
1542235212363,673
1542235213369,673
1542235214366,673
1542235215370,673
1542235216378,673
1542235217372,673
1542235218377,673
1542235219375,673
1542235220379,673
1542235221377,673
1542235223388,673
1542235225383,673
1542235226386,673
1542235227390,673
1542235228387,673
1542235229392,673
1542235230390,673
1542235231394,673
1542235232402,673
1542235233396,674
1542235234401,673
1542235236403,674
1542235237402,674
1542235238406,674
1542235240410,674
1542235241413,674
1542235242409,674
1542235243412,674
1542235244412,674
1542235245416,674
1542235246412,674
1542235247418,674
1542235248426,674
1542235250424,674
1542235251422,674
1542235252427,674
1542235253424,674
1542235254428,674
1542235256430,674
1542235257429,674
1542235258433,674
1542235259436,674
1542235260435,674
1542235263441,674
1542235264448,674
1542235266447,674
1542235267446,674
1542235268450,674
1542235269448,674
1542235271449,674
1542235272452,674
1542235273461,674
1542235274456,674
1542235275460,674
1542235276459,674
1542235277463,674
1542235278460,674
1542235279465,674
1542235280464,675
1542235285472,675
1542235286475,675
1542235290493,675
1542235291483,675
1542235292482,675
1542235293486,675
1542235294483,675
1542235295488,675
1542235297491,675
1542235298494,675
1542235299505,675
1542235300498,675
1542235301494,675
1542235302498,675
1542235303495,675
1542235304503,675
1542235305506,675
1542235306504,675
1542235307509,675
1542235308506,675
1542235309509,675
1542235310507,675
1542235311512,675
1542235313513,675
1542235314517,675
1542235315516,675
1542235317518,675
1542235318521,675
1542235319523,675
1542235320523,675
1542235321528,675
1542235322527,675
1542235323533,675
1542235324529,675
1542235325531,675
1542235326540,675
1542235327535,675
1542235328539,675
1542235330542,675
1542235331538,675
1542235332545,675
1542235333541,675
1542235334545,675
1542235335546,675
1542235338550,675
1542235339553,675
1542235340552,676
1542235341557,675
1542235342554,676
1542235343559,675
1542235344557,675
1542235345561,676
1542235346564,675
1542235348568,676
1542235349577,676
1542235350569,676
1542235351576,675
1542235352572,676
1542235353576,676
1542235354575,676
1542235355578,676
1542235356577,676
1542235357581,676
1542235358579,676
1542235359583,676
1542235360588,676
1542235361585,676
1542235362590,676
1542235363589,676
1542235364596,676
1542235365598,676
1542235366594,676
1542235367599,676
1542235368596,676
1542235369601,676
1542235370597,676
1542235371603,676
1542235372611,676
1542235373606,676
1542235374604,676
1542235375606,676
1542235376612,676
1542235377608,676
1542235378613,676
1542235379611,676
1542235380615,676
1542235381621,676
1542235382616,676
1542235383625,676
1542235384619,676
1542235385624,676
1542235386622,676
1542235387625,676
1542235388633,676
1542235389629,676
1542235390633,676
1542235391630,676
1542235392634,676
1542235393632,676
1542235394637,676
1542235396639,676
1542235397643,676
1542235398641,676
1542235400643,676
1542235401648,676
1542235402655,676
1542235403650,676
1542235404647,677
1542235405663,677
1542235406657,677
1542235407654,677
1542235408658,677
1542235409656,677
1542235410661,676
1542235411658,676
1542235412663,677
1542235413666,677
1542235414674,677
1542235415669,677
1542235416668,677
1542235417671,677
1542235418679,677
1542235419674,677
1542235420672,677
1542235421676,677
1542235422681,677
1542235423679,677
1542235424683,677
1542235425681,677
1542235426685,677
1542235427682,677
1542235428686,677
1542235429692,677
1542235430689,677
1542235431694,677
1542235432691,677
1542235433695,677
1542235434703,677
1542235435698,677
1542235436702,677
1542235437700,677
1542235438704,677
1542235439701,678
1542235440707,677
1542235441704,677
1542235442708,677
1542235443708,677
1542235444711,677
1542235445715,677
1542235446713,677
1542235447716,677
1542235448715,677
1542235449720,677
1542235450717,678
1542235451723,678
1542235452725,678
1542235453724,677
1542235454728,678
1542235455736,678
1542235456730,677
1542235457728,677
1542235458733,678
1542235459730,678
1542235460734,678
1542235461739,678
1542235462737,678
1542235463740,678
1542235464738,678
1542235465744,678
1542235466742,678
1542235467745,678
1542235468749,678
1542235469747,678
1542235470753,678
1542235471749,678
1542235472754,678
1542235473762,678
1542235474756,678
1542235475761,678
1542235476758,678
1542235477763,678
1542235481767,678
1542235482772,678
1542235483769,678
1542235484774,678
1542235485771,678
1542235486776,678
1542235487773,678
1542235488778,678
1542235489783,678
1542235490783,678
1542235491785,678
1542235492783,678
1542235493786,678
1542235494795,678
1542235495789,678
1542235496797,678
1542235497791,678
1542235498796,678
1542235499792,678
1542235500797,678
1542235501795,678
1542235502799,678
1542235503801,678
1542235504801,678
1542235505808,678
1542235506804,678
1542235507807,678
1542235508806,678
1542235509810,678
1542235510806,679
1542235511813,678
1542235512811,678
1542235513814,679
1542235514820,678
1542235515817,678
1542235516822,679
1542235517818,679
1542235518824,678
1542235519821,678
1542235520826,679
1542235521829,678
1542235522837,678
1542235523833,679
1542235524829,679
1542235525834,679
1542235526833,678
1542235527836,679
1542235528843,679
1542235530845,679
1542235531852,679
1542235532845,679
1542235533853,679
1542235534848,679
1542235535850,679
1542235536851,679
1542235537854,679
1542235538852,679
1542235539860,679
1542235540854,679
1542235541859,679
1542235542864,679
1542235543859,679
1542235544865,679
1542235545863,679
1542235546870,679
1542235547864,679
1542235548868,679
1542235549876,679
1542235550870,679
1542235551878,679
1542235552873,679
1542235553879,679
1542235555881,679
1542235556878,679
1542235557882,679
1542235558890,679
1542235559883,679
1542235560890,679
1542235561888,679
1542235562890,679
1542235563888,679
1542235565890,679
1542235566897,679
1542235569900,679
1542235570898,679
1542235571904,679
1542235572912,679
1542235573906,679
1542235574907,679
1542235575907,679
1542235576912,679
1542235577909,679
1542235578914,679
1542235579922,679
1542235580915,680
1542235581923,679
1542235582918,679
1542235583923,679
1542235584920,679
1542235585927,679
1542235586927,679
1542235587926,679
1542235588935,679
1542235589929,679
1542235590935,679
1542235591933,679
1542235593946,679
1542235602945,680
1542235603950,680
1542235604949,679
1542235606958,680
1542235607954,679
1542235608959,679
1542235609957,679
1542235610962,680
1542235611959,679
1542235612963,679
1542235613961,679
1542235614967,680
1542235615971,679
1542235616968,679
1542235617971,679
1542235618979,680
1542235619974,679
1542235626985,678
1542235627983,677
1542235628986,676
1542235629987,676
1542235630989,676
1542235631987,675
1542235632991,675
1542235634000,674
1542235634993,674
1542235635998,673
1542235636994,673
1542235638000,672
1542235639000,672
1542235640007,671
1542235641006,670
1542235642003,671
1542235643017,669
1542235644006,669
1542235645010,668
1542235646025,668
1542235647011,667
1542235648016,666
1542235649024,666
1542235650018,666
1542235651017,665
1542235652026,664
1542235653024,664
1542235654023,663
1542235655031,663
1542235656025,662
1542235657028,662
1542235658030,661
1542235659030,660
1542235662029,659
1542235663035,658
1542235664038,658
1542235665037,657
1542235666040,656
1542235668044,656
1542235669041,655
1542235670045,655
1542235671053,654
1542235672047,654
1542235673052,654
1542235674050,653
1542235675054,653
1542235676062,652
1542235677056,652
1542235678064,651
1542235679058,651
1542235680055,650
1542235681072,650
1542235682064,650
1542235683061,649
1542235684067,649
1542235685075,647
1542235690072,646
1542235691077,646
1542235692075,646
1542235693080,645
1542235694082,645
1542235695081,645
1542235696081,644
1542235697083,644
1542235698088,643
1542235699086,643
1542235700090,643
1542235701098,642
1542235703100,642
1542235704094,641
1542235705099,641
1542235706097,641
1542235707101,640
1542235709105,640
1542235711105,639
1542235712113,639
1542235713107,639
1542235714112,638
1542235715109,638
1542235716114,638
1542235717112,638
1542235718116,637
1542235719123,637
1542235720118,637
1542235721122,637
1542235722122,636
1542235723124,636
1542235724123,636
1542235725126,636
1542235726134,635
1542235727128,635
1542235728134,635
1542235729131,635
1542235730135,634
1542235731133,634
1542235732137,634
1542235733139,634
1542235734139,634
1542235735144,633
1542235736140,633
1542235737146,633
1542235738143,633
1542235739147,632
1542235740155,632
1542235741151,632
1542235742155,632
1542235743152,632
1542235744157,632
1542235745154,632
1542235746159,632
1542235747167,631
1542235748161,631
1542235749168,631
1542235750163,631
1542235751168,631
1542235752166,631
1542235753169,630
1542235754167,630
1542235755173,630
1542235756169,630
1542235757174,630
1542235758182,629
1542235759177,629
1542235760182,629
1542235761179,629
1542235762182,629
1542235763180,629
1542235764186,629
1542235765184,628
1542235766188,628
1542235767192,628
1542235768189,628
1542235769194,628
1542235770192,628
1542235771197,628
1542235772197,628
1542235773199,627
1542235774203,627
1542235775201,627
1542235776204,627
1542235777203,627
1542235778207,627
1542235779205,627
1542235780210,627
1542235781213,626
1542235782211,626
1542235783216,626
1542235784214,626
1542235785218,626
1542235786216,626
1542235787219,626
1542235788227,626
1542235789223,625
1542235790227,625
1542235791225,625
1542235792229,625
1542235793226,625
1542235794232,625
1542235795240,625
1542235796234,625
1542235797239,625
1542235798235,624
1542235799242,624
1542235800239,624
1542235801242,624
1542235802240,624
1542235803245,624
1542235804245,624
1542235805247,624
1542235806250,624
1542235808254,624
1542235809261,624
1542235810256,623
1542235812258,623
1542235813261,623
1542235815265,623
1542235816262,623
1542235817267,623
1542235818274,623
1542235819270,623
1542235820273,623
1542235821271,622
1542235822276,622
1542235824277,623
1542235825276,622
1542235828281,622
1542235829286,622
1542235830283,622
1542235832286,622
1542235833290,622
1542235834297,622
1542235835294,622
1542235836296,622
1542235837295,621
1542235838299,621
1542235839297,621
1542235840303,621
1542235841304,621
1542235842303,621
1542235843307,621
1542235845310,621
1542235846308,621
1542235847312,621
1542235848319,621
1542235849313,621
1542235850310,621
1542235851316,621
1542235852323,621
1542235853318,620
1542235854321,620
1542235855322,620
1542235856324,620
1542235857322,620
1542235858326,620
1542235859330,620
1542235861332,620
1542235862330,620
1542235863335,620
1542235865337,620
1542235866335,620
1542235867339,620
1542235868343,620
1542235869342,619
1542235871346,619
1542235873353,619
1542235874349,619
1542235875353,619
1542235876351,619
1542235877357,619
1542235878353,619
1542235879359,619
1542235881360,619
1542235882358,619
1542235883362,619
1542235884367,619
1542235885364,619
1542235886369,619
1542235887376,619
1542235888372,619
1542235889376,618
1542235890373,618
1542235891377,618
1542235892377,618
1542235893378,618
1542235894377,618
1542235895382,618
1542235897384,618
1542235898387,618
1542235899385,618
1542235901388,618
1542235902392,618
1542235903393,618
1542235904394,618
1542235905402,618
1542235906396,617
1542235907401,617
1542235908399,617
1542235909403,617
1542235910400,617
1542235911404,617
1542235912412,617
1542235913408,617
1542235914404,617
1542235915410,617
1542235916413,617
1542235917411,617
1542235918417,617
1542235919424,617
1542235920418,617
1542235921417,617
1542235922420,617
1542235924421,617
1542235925427,616
1542235926424,616
1542235927432,616
1542235928430,616
1542235929429,616
1542235930428,616
1542235931433,616
1542235932436,616
1542235933434,616
1542235934438,616
1542235935446,616
1542235936441,616
1542235937450,616
1542235938443,616
1542235940445,616
1542235941448,616
1542235942446,616
1542235944449,616
1542235945454,616
1542235946452,616
1542235947455,616
1542235948460,616
1542235949458,616
1542235950462,616
1542235952464,616
1542235953461,615
1542235954466,615
1542235955471,615
1542235956468,615
1542235957473,615
1542235958469,615
1542235960472,615
1542235961477,615
1542235962474,615
1542235963482,615
1542235964483,615
1542235965481,615
1542235966485,615
1542235968487,615
1542235969490,615
1542235970490,615
1542235971494,615
1542235972493,615
1542235973496,615
1542235974493,615
1542235975498,615
1542235976506,615
1542235977500,615
1542235978498,614
1542235979501,615
1542235981503,615
1542235982509,614
1542235983507,614
1542235985511,614
1542235986514,614
1542235987510,614
1542235988523,614
1542235989520,614
1542235990517,614
1542235991521,614
1542235993523,614
1542235994523,614
1542235995524,614
1542235996530,614
1542235997528,614
1542235998532,614
1542235999530,614
1542236001536,614
1542236002535,614
1542236003541,614
1542236004538,614
1542236005543,614
1542236006540,614
1542236007544,614
1542236009546,614
1542236010554,614
1542236011549,614
1542236012555,614
1542236013550,614
1542236014553,614
1542236015552,614
1542236016557,614
1542236018558,614
1542236019566,614
1542236020560,614
1542236021565,614
1542236022562,613
1542236023567,613
1542236024565,613
1542236025569,613
1542236026566,613
1542236027570,613
1542236028577,613
1542236029573,613
1542236030577,613
1542236031576,613
1542236032580,613
1542236033577,613
1542236034582,613
1542236036584,613
1542236037581,613
1542236038585,613
1542236040588,613
1542236041592,613
1542236042590,613
1542236044593,613
1542236045597,613
1542236046601,613
1542236047602,613
1542236048602,613
1542236049600,613
1542236050606,613
1542236051613,613
1542236052607,613
1542236053607,613
1542236054609,612
1542236055614,612
1542236056610,613
1542236057616,612
1542236058613,612
1542236059622,612
1542236060620,612
1542236061619,613
1542236062624,612
1542236064626,612
1542236065624,612
1542236066627,612
1542236068629,612
1542236069631,612
1542236070632,612
1542236071639,612
1542236072634,612
1542236073639,612
1542236074635,612
1542236075644,612
1542236076638,612
1542236077642,612
1542236078649,612
1542236079646,612
1542236080649,612
1542236081647,612
1542236082650,612
1542236083648,612
1542236084651,612
1542236085649,612
1542236086654,612
1542236087662,612
1542236089662,612
1542236090658,612
1542236091663,612
1542236092661,612
1542236093665,612
1542236094673,612
1542236095668,612
1542236096672,612
1542236097669,611
1542236098673,612
1542236099670,612
1542236100678,612
1542236101673,611
1542236102678,611
1542236103673,611
1542236105677,611
1542236107685,611
1542236108695,611
1542236109687,611
1542236110685,611
1542236111688,611
1542236113690,611
1542236114696,611
1542236115693,611
1542236116699,611
1542236117695,611
1542236118699,611
1542236119698,611
1542236121700,611
1542236122703,611
1542236123708,611
1542236125709,611
1542236126707,611
1542236127711,611
1542236128719,611
1542236129714,611
1542236130711,611
1542236131715,611
1542236132720,611
1542236133718,611
1542236134722,611
1542236135720,611
1542236137722,611
1542236138727,611
1542236139724,610
1542236140732,611
1542236141733,611
1542236142730,610
1542236143737,610
1542236144733,610
1542236145735,610
1542236146734,610
1542236147742,610
1542236148739,610
1542236150745,610
1542236151753,610
1542236152747,610
1542236153745,610
1542236154749,610
1542236155757,610
1542236156750,610
1542236157748,610
1542236158753,610
1542236159758,610
1542236160755,610
1542236161758,610
1542236162757,610
1542236164760,610
1542236165764,610
1542236166767,610
1542236168771,610
1542236169767,610
1542236170772,610
1542236171773,610
1542236172774,610
1542236173772,610
1542236174775,610
1542236176778,610
1542236177782,610
1542236178780,610
1542236179786,610
1542236180781,610
1542236181787,610
1542236182786,610
1542236183789,610
1542236184794,610
1542236185791,609
1542236186796,610
1542236187793,610
1542236188798,609
1542236189794,610
1542236190799,609
1542236192801,609
1542236193806,610
1542236194803,609
1542236195808,609
1542236196806,609
1542236197809,609
1542236198810,609
1542236199812,609
1542236200816,609
1542236201814,609
1542236202819,609
1542236204821,609
1542236205818,609
1542236206822,609
1542236207821,609
1542236208826,609
1542236209829,609
1542236210826,609
1542236211831,609
1542236213833,609
1542236214841,609
1542236215834,609
1542236217837,609
1542236218841,609
1542236219839,609
1542236220846,609
1542236221842,609
1542236222846,609
1542236223842,609
1542236224853,609
1542236225850,609
1542236226848,609
1542236227854,609
1542236228851,609
1542236229856,609
1542236230854,609
1542236231857,609
1542236232865,609
1542236233860,609
1542236234860,609
1542236235862,609
1542236236870,609
1542236237864,609
1542236238869,609
1542236239867,609
1542236240871,609
1542236241868,609
1542236242872,609
1542236243877,609
1542236245879,609
1542236246877,608
1542236248888,608
1542236249883,609
1542236250893,609
1542236251885,608
1542236252889,608
1542236253898,608
1542236254892,608
1542236255890,608
1542236256900,608
1542236257896,608
1542236258896,608
1542236259904,608
1542236260898,608
1542236261901,608
1542236263904,608
1542236265908,608
1542236266905,608
1542236267919,608
1542236268912,608
1542236269909,608
1542236270914,608
1542236272915,608
1542236273915,608
1542236274919,608
1542236275924,608
1542236276920,608
1542236277925,608
1542236278922,608
1542236280936,608
1542236281928,608
1542236282934,608
1542236284935,608
1542236285933,608
1542236286937,608
1542236287945,608
1542236288939,608
1542236289939,608
1542236290941,608
1542236292942,608
1542236293948,608
1542236294946,608
1542236296948,608
1542236297952,608
1542236298951,608
1542236300959,608
1542236302961,608
1542236303968,608
1542236304962,608
1542236305960,608
1542236307971,608
1542236308967,608
1542236309970,608
1542236310969,608
1542236312972,608
1542236313975,608
1542236314973,608
1542236315976,608
1542236317979,607
1542236318983,607
1542236319982,608
1542236320987,607
1542236321989,607
1542236322988,608
1542236323992,608
1542236325001,607
1542236325993,608
1542236326991,607
1542236327996,607
1542236329998,607
1542236331006,607
1542236331999,607
1542236333007,608
1542236334003,607
1542236335007,607
1542236336005,607
1542236338013,607
1542236339011,607
1542236340015,607
1542236343014,607
1542236344020,607
1542236346022,607
1542236347029,607
1542236348024,607
1542236349022,607
1542236350025,607
1542236351030,607
1542236352026,607
1542236354030,607
1542236355033,607
1542236356035,607
1542236357036,607
1542236358033,607
1542236360041,607
1542236362044,607
1542236363041,607
1542236364046,607
1542236365051,607
1542236366049,607
1542236367052,607
1542236368050,607
1542236369059,607
1542236370052,607
1542236371057,607
1542236372065,607
1542236373058,607
1542236374056,607
1542236375061,607
1542236376066,607
1542236377064,607
1542236378068,607
1542236379064,607
1542236380069,607
1542236382071,607
1542236383077,607
1542236384073,607
1542236385079,607
1542236386074,607
1542236387079,606
1542236389082,607
1542236390089,606
1542236391083,607
1542236392088,607
1542236393086,606
1542236394090,607
1542236395087,606
1542236397089,606
1542236398094,606
1542236399092,606
1542236400095,606
1542236401101,606
1542236402098,606
1542236403102,606
1542236405104,606
1542236406102,606
1542236407107,606
1542236409108,606
1542236410113,606
1542236411111,606
1542236413112,606
1542236414116,606
1542236415124,606
1542236417123,606
1542236418120,606
1542236419125,606
1542236421127,606
1542236422124,606
1542236423129,606
1542236424136,606
1542236425132,606
1542236426135,606
1542236427133,606
1542236428136,606
1542236429135,606
1542236430139,606
1542236433147,606
1542236434143,606
1542236435148,606
1542236436146,606
1542236437151,606
1542236438148,606
1542236439151,606
1542236440149,606
1542236441154,606
1542236442156,606
1542236443156,606
1542236444153,606
1542236445156,606
1542236446162,606
1542236447159,606
1542236448163,606
1542236449162,606
1542236450166,606
1542236451163,606
1542236452168,606
1542236453172,606
1542236454170,606
1542236455173,605
1542236456171,606
1542236457176,606
1542236458174,606
1542236459178,606
1542236460186,606
1542236461180,606
1542236462185,606
1542236463183,606
1542236464186,606
1542236465185,606
1542236466189,606
1542236467186,606
1542236468191,606
1542236469189,606
1542236470192,606
1542236471200,606
1542236472196,606
1542236473199,606
1542236474198,605
1542236475202,605
1542236476199,605
1542236477204,606
1542236478209,605
1542236479206,605
1542236480211,605
1542236481208,605
1542236482212,605
1542236483210,605
1542236484214,605
1542236485212,605
1542236486216,605
1542236487217,605
1542236488219,605
1542236489217,605
1542236490220,605
1542236491226,605
1542236492223,605
1542236493226,605
1542236494225,605
1542236495229,605
1542236496227,605
1542236497238,605
1542236498235,605
1542236499233,605
1542236500237,605
1542236501235,605
1542236502240,605
1542236503236,605
1542236504241,605
1542236505249,605
1542236506242,605
1542236507248,605
1542236508245,605
1542236509249,605
1542236510248,605
1542236511251,605
1542236512258,605
1542236513252,605
1542236514256,605
1542236515255,605
1542236516259,605
1542236517258,605
1542236518262,605
1542236519258,605
1542236520264,605
1542236521263,605
1542236522266,605
1542236523266,604
1542236524267,605
1542236525272,604
1542236526271,604
1542236527274,604
1542236528272,605
1542236529277,605
1542236530277,604
1542236531279,605
1542236532277,605
1542236533279,604
1542236534285,605
1542236535283,604
1542236536286,604
1542236537284,604
1542236538288,604
1542236539287,604
1542236540290,604
1542236541295,604
1542236542293,604
1542236543297,604
1542236544294,604
1542236545299,604
1542236546306,604
1542236547301,604
1542236548309,604
1542236549302,604
1542236550305,604
1542236551305,604
1542236552308,604
1542236553307,604
1542236554310,604
1542236555318,604
1542236556313,604
1542236557311,604
1542236558316,604
1542236559315,604
1542236560318,604
1542236561322,604
1542236562319,604
1542236563324,604
1542236564322,604
1542236565325,604
1542236566326,604
1542236567327,604
1542236568331,604
1542236569329,604
1542236570334,604
1542236571330,604
1542236572336,604
1542236573333,604
1542236574338,604
1542236575335,604
1542236576340,604
1542236577344,604
1542236578342,604
1542236579346,604
1542236580343,604
1542236581348,604
1542236582345,604
1542236583350,604
1542236584349,604
1542236585352,604
1542236586356,604
1542236587354,604
1542236588358,604
1542236589356,604
1542236590360,604
1542236591357,604
1542236592363,604
1542236593361,604
1542236594365,604
1542236595368,604
1542236596366,604
1542236597371,604
1542236598368,604
1542236599373,604
1542236600380,604
1542236601374,604
1542236602372,604
1542236603377,604
1542236604381,604
1542236605379,604
1542236606382,604
1542236607380,604
1542236608385,604
1542236609383,604
1542236610387,604
1542236611385,604
1542236612388,604
1542236613394,604
1542236614391,604
1542236615396,604
1542236616393,604
1542236617397,603
1542236618395,604
1542236619400,603
1542236620404,603
1542236621401,604
1542236622406,604
1542236623405,604
1542236624407,604
1542236625405,603
1542236626408,603
1542236627416,603
1542236628412,603
1542236629410,603
1542236630413,603
1542236631418,603
1542236632415,603
1542236633420,603
1542236634417,604
1542236635421,603
1542236636429,603
1542236637425,603
1542236638427,603
1542236639426,603
1542236640429,603
1542236641438,603
1542236642433,603
1542236643429,603
1542236644435,603
1542236645432,603
1542236646437,603
1542236647441,603
1542236648438,603
1542236649443,603
1542236650441,603
1542236651445,603
1542236652442,603
1542236653446,603
1542236654444,603
1542236655449,603
1542236656452,603
1542236657450,603
1542236658456,603
1542236659463,603
1542236660457,603
1542236661455,603
1542236662458,603
1542236663466,603
1542236664462,603
1542236665466,603
1542236666463,603
1542236667468,603
1542236668465,603
1542236670477,603
1542236671472,603
1542236672476,603
1542236673474,603
1542236674477,603
1542236675475,603
1542236676479,603
1542236677477,603
1542236678482,603
1542236679483,603
1542236680484,603
1542236681481,603
1542236682485,603
1542236683490,603
1542236684488,603
1542236685492,603
1542236686489,603
1542236689495,603
1542236690500,603
1542236691498,603
1542236692502,603
1542236693500,603
1542236694504,603
1542236695511,603
1542236696505,603
1542236697507,603
1542236698508,603
1542236699512,603
1542236700510,603
1542236701515,603
1542236702511,603
1542236703517,603
1542236706524,603
1542236707520,603
1542236708524,603
1542236709522,603
1542236710526,603
1542236711523,603
1542236712528,603
1542236713536,603
1542236714530,602
1542236715530,603
1542236716531,603
1542236719539,603
1542236720536,602
1542236721541,603
1542236722538,603
1542236723543,603
1542236724540,603
1542236725545,602
1542236726548,602
1542236727546,602
1542236728551,602
1542236729548,603
1542236730553,602
1542236731553,602
1542236732555,602
1542236733559,602
1542236734556,603
1542236736559,602
1542236737562,602
1542236738560,602
1542236739565,602
1542236740568,602
1542236741567,602
1542236742571,602
1542236743568,602
1542236744574,602
1542236745572,602
1542236746575,602
1542236747583,602
1542236748577,602
1542236749575,602
1542236750579,602
1542236751584,603
1542236752580,602
1542236753586,602
1542236755588,602
1542236756595,603
1542236757590,603
1542236758594,603
1542236759592,603
1542236760595,603
1542236761594,603
1542236762597,603
1542236763596,603
1542236764600,603
1542236765598,603
1542236766602,603
1542236767600,602
1542236768603,602
1542236769608,603
1542236770605,603
1542236771610,603
1542236772606,603
1542236773611,603
1542236774619,603
1542236776618,602
1542236777614,602
1542236778620,602
1542236779617,602
1542236780620,603
1542236781619,602
1542236782623,603
1542236783621,602
1542236784625,602
1542236785625,602
1542236786626,602
1542236787631,602
1542236788630,602
1542236789632,603
1542236790631,602
1542236791635,602
1542236792633,602
1542236793637,602
1542236794634,602
1542236795639,602
1542236796643,602
1542236797640,602
1542236798645,602
1542236800647,602
1542236801654,602
1542236802648,602
1542236803653,602
1542236804649,602
1542236805655,602
1542236806652,602
1542236807656,602
1542236808654,602
1542236809659,602
1542236810656,602
1542236811660,602
1542236812662,602
1542236813662,602
1542236814667,602
1542236815663,602
1542236816668,602
1542236817666,602
1542236820672,602
1542236821678,602
1542236822674,602
1542236823677,602
1542236824676,601
1542236825681,602
1542236826677,602
1542236827683,602
1542236828691,601
1542236830688,601
1542236831696,601
1542236832690,601
1542236833688,601
1542236834692,602
1542236835694,602
1542236836693,602
1542236837691,601
1542236838695,601
1542236839700,601
1542236840699,601
1542236841701,601
1542236842700,601
1542236843704,601
1542236844701,601
1542236845706,601
1542236846714,601
1542236847708,601
1542236848713,601
1542236849710,601
1542236850714,601
1542236851712,601
1542236852716,601
1542236853723,601
1542236854717,601
1542236855722,601
1542236856720,601
1542236857723,601
1542236858732,601
1542236859727,601
1542236860723,601
1542236861728,601
1542236862729,601
1542236863729,601
1542236864726,601
1542236865731,601
1542236866736,601
1542236867733,601
1542236868738,601
1542236869735,601
1542236870738,601
1542236871747,601
1542236872740,601
1542236873748,601
1542236874744,601
1542236875747,601
1542236876745,601
1542236877749,601
1542236878747,601
1542236879750,601
1542236880750,601
1542236881753,601
1542236882757,601
1542236883755,601
1542236884759,601
1542236885757,601
1542236886760,601
1542236887758,601
1542236888763,601
1542236889766,601
1542236890765,601
1542236891770,601
1542236892766,601
1542236893771,601
1542236894769,601
1542236895773,601
1542236896773,601
1542236897777,601
1542236898780,601
1542236899777,601
1542236900781,601
1542236901779,601
1542236902784,601
1542236903780,601
1542236904786,601
1542236905788,601
1542236906787,601
1542236907792,601
1542236908788,601
1542236909793,601
1542236910791,601
1542236911796,601
1542236912793,601
1542236913798,601
1542236914796,601
1542236915799,601
1542236916803,601
1542236917801,601
1542236918805,601
1542236919802,601
1542236920806,601
1542236921804,601
1542236922809,601
1542236923814,601
1542236924810,601
1542236925814,601
1542236926812,601
1542236927817,601
1542236928815,601
1542236929819,601
1542236930816,601
1542236931820,601
1542236932818,601
1542236934826,601
1542236935826,601
1542236936828,601
1542236937826,601
1542236938830,601
1542236939827,600
1542236940832,600
1542236941837,600
1542236942834,600
1542236943837,601
1542236944836,600
1542236945839,600
1542236946837,600
1542236947842,600
1542236948850,600
1542236949844,601
1542236950849,600
1542236951846,600
1542236952851,600
1542236953848,601
1542236954852,601
1542236955850,600
1542236956853,600
1542236957861,600
1542236958855,600
1542236959860,600
1542236960858,600
1542236961862,600
1542236962860,600
1542236963863,600
1542236964862,600
1542236965865,601
1542236966872,600
1542236967868,600
1542236968871,600
1542236969870,601
1542236970874,600
1542236971871,600
1542236972876,600
1542236973873,600
1542236974877,600
1542236975895,600
1542236976880,600
1542236977884,600
1542236978881,600
1542236979886,600
1542236980883,600
1542236981892,600
1542236982884,600
1542236983890,600
1542236984902,600
1542236985892,600
1542236986896,600
1542236987904,600
1542236988897,600
1542236989896,600
1542236990909,600
1542236991906,600
1542236992902,600
1542236993910,600
1542236994903,600
1542236995908,600
1542236996915,600
1542236997909,600
1542236998907,600
1542236999916,600
1542237000913,600
1542237001914,600
1542237002920,600
1542237003915,600
1542237004918,600
1542237005920,600
1542237006921,600
1542237007918,600
1542237008924,600
1542237009932,600
1542237010925,600
1542237011926,600
1542237012928,600
1542237013931,600
1542237014930,600
1542237015932,600
1542237016931,600
1542237017935,600
1542237018933,600
1542237019937,600
1542237020935,600
1542237021940,600
1542237022943,600
1542237023941,600
1542237024945,600
1542237025943,600
1542237026946,600
1542237027954,600
1542237028948,600
1542237029953,600
1542237030951,600
1542237031955,600
1542237032953,600
1542237033957,600
1542237034954,600
1542237035959,600
1542237036967,600
1542237037960,600
1542237038968,600
1542237039961,600
1542237040967,600
1542237041965,600
1542237042968,600
1542237043967,600
1542237044969,600
1542237045976,600
1542237046973,600
1542237047977,600
1542237048974,600
1542237049978,600
1542237050975,600
1542237051981,600
1542237052978,600
1542237053983,600
1542237054990,600
1542237055984,600
1542237056981,600
1542237057985,600
1542237058990,600
1542237059988,600
1542237060992,600
1542237061990,600
1542237062993,600
1542237064000,600
1542237064996,600
1542237066000,600
1542237066998,600
1542237068002,600
1542237069000,600
1542237070003,600
1542237071005,600
1542237072006,600
1542237073003,600
1542237074008,600
1542237075011,600
1542237076009,600
1542237077014,600
1542237078012,600
1542237079016,600
1542237080024,600
1542237081017,600
1542237082015,600
1542237083019,600
1542237084024,600
1542237085022,600
1542237086026,600
1542237087024,600
1542237088028,600
1542237090031,600
1542237091034,600
1542237093035,600
1542237094034,600
1542237095037,600
1542237096036,600
1542237097040,600
1542237098046,600
1542237099042,600
1542237100047,600
1542237101044,600
1542237102048,600
1542237103046,600
1542237104051,600
1542237105048,600
1542237106051,600
1542237107060,600
1542237108052,600
1542237109058,600
1542237110055,599
1542237111059,600
1542237112057,600
1542237113061,600
1542237114059,600
1542237115064,599
1542237116062,600
1542237117066,600
1542237118064,600
1542237119068,599
1542237120072,599
1542237121088,600
1542237122074,600
1542237123077,599
1542237124076,599
1542237125078,599
1542237126079,599
1542237128088,599
1542237132082,599
1542237133091,599
1542237134111,599
1542237135091,599
1542237136093,599
1542237137102,599
1542237138096,599
1542237139094,599
1542237140098,599
1542237141095,599
1542237142099,599
1542237143098,599
1542237144102,599
1542237145106,599
1542237146104,599
1542237147108,599
1542237148116,599
1542237149118,599
1542237150128,599
1542237151111,599
1542237152116,599
1542237153113,599
1542237155116,599
1542237157117,599
1542237158121,599
1542237159119,599
1542237160124,599
1542237161128,599
1542237162126,599
1542237163130,599
1542237164128,599
1542237165130,599
1542237166129,599
1542237167133,599
1542237168136,599
1542237169136,599
1542237170139,599
1542237171138,599
1542237173141,599
1542237174144,599
1542237176145,599
1542237177144,599
1542237178147,599
1542237179151,599
1542237180162,599
1542237181154,599
1542237182152,599
1542237183154,599
1542237184153,599
1542237185157,599
1542237186159,599
1542237187160,599
1542237188162,599
1542237189162,599
1542237190167,599
1542237191170,599
1542237192172,599
1542237193174,599
1542237194170,599
1542237195177,599
1542237197175,599
1542237198183,599
1542237199177,599
1542237200176,599
1542237201179,599
1542237202177,599
1542237203185,599
1542237205183,599
1542237206188,599
1542237207197,599
1542237208189,599
1542237210192,599
1542237211189,599
1542237213197,599
1542237214196,599
1542237215200,599
1542237216197,599
1542237217202,599
1542237218200,599
1542237220209,599
1542237221206,599
1542237222210,599
1542237223208,599
1542237224212,599
1542237225210,599
1542237226214,599
1542237227213,599
1542237228215,599
1542237229220,599
1542237230229,599
1542237231222,599
1542237232220,599
1542237233224,599
1542237234223,599
1542237235226,599
1542237236231,599
1542237237227,599
1542237238232,599
1542237239230,599
1542237240234,599
1542237241232,599
1542237242237,599
1542237243235,599
1542237244238,599
1542237245242,599
1542237246240,599
1542237247245,599
1542237248242,599
1542237249246,599
1542237250254,599
1542237251249,599
1542237252253,599
1542237253250,599
1542237254254,599
1542237255252,599
1542237256257,599
1542237257253,599
1542237258258,599
1542237259266,599
1542237260259,599
1542237261257,599
1542237262263,599
1542237263268,599
1542237264264,599
1542237265268,599
1542237266266,599
1542237267270,599
1542237268278,599
1542237269271,599
1542237270274,598
1542237271274,599
1542237272282,599
1542237273286,599
1542237274280,599
1542237275277,599
1542237276280,599
1542237277279,599
1542237278284,598
1542237279290,598
1542237280286,599
1542237281289,599
1542237282287,599
1542237283292,598
1542237284289,599
1542237285300,599
1542237286294,599
1542237287296,598
1542237288299,598
1542237289298,598
1542237290302,599
1542237291299,598
1542237292305,598
1542237293302,598
1542237294305,598
1542237295303,598
1542237296306,598
1542237297312,598
1542237298310,598
1542237299313,598
1542237300312,598
1542237301324,599
1542237302323,598
1542237303317,598
1542237304323,598
1542237305319,598
1542237306324,598
1542237307322,598
1542237308326,598
1542237309323,598
1542237310327,598
1542237311327,598
1542237312329,598
1542237313327,598
1542237314330,598
1542237315336,598
1542237316334,598
1542237317338,598
1542237318336,598
1542237319339,598
1542237320338,598
1542237321342,598
1542237322346,598
1542237323344,598
1542237324347,598
1542237325356,598
1542237326349,598
1542237327347,598
1542237328352,598
1542237329351,598
1542237330354,598
1542237331353,598
1542237332356,598
1542237333360,598
1542237334357,598
1542237335362,598
1542237336360,598
1542237337364,598
1542237338365,598
1542237339366,598
1542237340370,598
1542237341369,598
1542237342373,598
1542237343370,598
1542237344373,598
1542237345382,598
1542237346377,598
1542237347381,598
1542237348379,598
1542237349382,598
1542237350381,598
1542237351386,598
1542237352392,598
1542237353387,598
1542237354384,598
1542237355389,598
1542237356388,598
1542237357389,598
1542237358395,598
1542237359396,598
1542237360397,598
1542237361394,598
1542237362398,598
1542237363397,598
1542237364400,598
1542237365401,598
1542237366413,598
1542237367422,598
1542237368403,598
1542237369408,598
1542237370406,598
1542237371410,598
1542237372411,598
1542237373411,598
1542237374416,598
1542237375418,598
1542237376419,598
1542237377417,598
1542237378422,598
1542237379425,598
1542237380423,598
1542237381426,598
1542237382425,598
1542237383424,598
1542237384440,598
1542237385431,598
1542237386429,598
1542237387432,598
1542237388440,598
1542237389434,598
1542237390432,598
1542237391437,598
1542237392439,598
1542237393452,598
1542237394441,598
1542237395440,598
1542237396446,598
1542237397442,598
1542237398446,598
1542237399445,598
1542237400449,598
1542237401452,598
1542237402452,598
1542237403454,598
1542237404452,598
1542237405457,598
1542237406465,598
1542237407458,598
1542237408463,598
1542237409459,598
1542237410467,598
1542237411463,598
1542237412466,598
1542237413464,598
1542237414468,598
1542237415466,598
1542237416471,598
1542237417475,598
1542237418473,598
1542237419476,598
1542237420474,598
1542237421479,598
1542237422475,598
1542237423481,598
1542237424478,598
1542237425482,598
1542237426480,598
1542237427484,598
1542237428489,598
1542237429487,598
1542237430490,598
1542237431489,598
1542237432492,598
1542237433490,598
1542237434495,598
1542237435495,598
1542237436496,598
1542237437501,598
1542237438497,598
1542237439503,598
1542237440500,598
1542237441504,598
1542237442502,598
1542237443507,598
1542237444508,598
1542237445509,597
1542237446512,598
1542237447511,598
1542237448514,598
1542237449512,598
1542237450518,597
1542237451514,598
1542237452518,598
1542237453518,598
1542237454520,598
1542237455525,598
1542237456523,598
1542237457526,598
1542237458525,597
1542237459529,598
1542237460527,598
1542237461529,598
1542237462528,597
1542237463532,597
1542237464537,598
1542237465534,598
1542237466538,598
1542237467536,597
1542237468540,597
1542237469537,598
1542237470543,598
1542237471550,597
1542237472556,597
1542237473560,597
1542237474549,597
1542237475549,597
1542237476548,597
1542237477565,597
1542237478549,597
1542237479554,597
1542237480552,597
1542237481556,597
1542237482554,597
1542237483558,597
1542237484562,597
1542237485559,597
1542237486564,597
1542237487562,597
1542237488566,597
1542237489571,597
1542237490567,597
1542237491569,597
1542237492569,597
1542237493574,597
1542237494571,597
1542237495576,597
1542237496573,597
1542237497580,597
1542237498581,597
1542237499592,597
1542237500593,597
1542237501580,597
1542237502585,597
1542237503583,597
1542237504586,597
1542237505584,597
1542237506590,597
1542237507586,597
1542237508591,597
1542237509592,597
1542237510593,597
1542237511597,597
1542237512594,597
1542237513598,597
1542237514596,597
1542237515601,597
1542237516599,597
1542237517603,597
1542237518601,597
1542237519604,597
1542237520603,597
1542237521607,597
1542237522611,597
1542237523609,597
1542237524613,597
1542237525611,597
1542237526614,597
1542237527615,597
1542237528617,597
1542237529618,597
1542237530618,597
1542237531623,597
1542237532621,597
1542237533625,597
1542237534623,597
1542237535626,597
1542237536629,597
1542237537628,597
1542237538627,597
1542237539642,597
1542237540634,597
1542237541633,597
1542237542637,597
1542237543634,597
1542237544638,597
1542237545636,597
1542237546644,597
1542237547645,597
1542237548643,597
1542237549648,597
1542237550645,597
1542237551650,597
1542237552647,597
1542237553657,597
1542237554667,597
1542237555652,597
1542237556661,597
1542237557655,597
1542237558661,597
1542237559658,597
1542237560662,597
1542237561659,597
1542237562664,597
1542237563662,597
1542237564666,597
1542237565664,597
1542237566669,597
1542237567672,597
1542237568670,597
1542237569673,597
1542237570672,597
1542237571677,597
1542237572674,597
1542237573677,597
1542237574686,597
1542237575680,597
1542237576684,597
1542237577682,597
1542237578686,597
1542237579684,597
1542237580689,597
1542237581686,597
1542237582691,597
1542237583695,597
1542237584693,597
1542237585695,597
1542237586694,597
1542237587699,597
1542237588696,597
1542237589701,597
1542237590700,597
1542237591703,597
1542237592707,597
1542237593704,597
1542237594709,597
1542237595708,597
1542237596710,597
1542237597709,597
1542237598722,597
1542237599718,597
1542237600715,597
1542237601719,597
1542237602717,597
1542237603722,597
1542237604719,597
1542237605724,597
1542237606720,597
1542237607726,597
1542237608725,597
1542237609728,597
1542237610731,597
1542237611730,597
1542237612732,597
1542237613731,597
1542237614734,597
1542237615733,597
1542237616737,597
1542237617741,597
1542237618740,597
1542237619742,597
1542237620742,597
1542237621746,597
1542237622743,597
1542237623748,597
1542237624747,597
1542237625749,597
1542237626748,597
1542237627751,597
1542237628756,597
1542237629754,597
1542237630758,597
1542237631756,597
1542237632758,597
1542237633766,597
1542237634760,597
1542237635766,597
1542237636773,597
1542237637767,597
1542237638766,597
1542237639769,597
1542237640767,597
1542237641771,596
1542237642769,597
1542237643774,597
1542237644778,597
1542237645776,597
1542237646778,596
1542237647777,597
1542237648781,597
1542237649778,597
1542237650783,597
1542237651785,597
1542237652785,597
1542237653790,597
1542237654788,597
1542237655793,597
1542237656790,596
1542237657793,597
1542237658795,597
1542237659795,597
1542237660793,597
1542237661798,597
1542237662800,597
1542237663800,597
1542237664804,597
1542237665801,597
1542237666806,597
1542237667804,597
1542237668807,597
1542237669810,597
1542237670810,597
1542237671814,596
1542237672813,597
1542237673820,597
1542237674813,597
1542237675818,597
1542237676816,597
1542237677820,597
1542237678818,596
1542237679827,597
1542237680826,597
1542237681824,597
1542237682838,597
1542237683826,597
1542237684830,597
1542237685843,596
1542237686842,596
1542237687831,596
1542237688844,597
1542237689835,596
1542237690834,597
1542237691853,597
1542237692837,596
1542237693842,597
1542237694851,596
1542237695845,596
1542237696854,597
1542237697864,596
1542237698853,596
1542237699847,596
1542237700858,596
1542237701850,596
1542237702854,596
1542237703861,597
1542237704855,597
1542237705854,596
1542237706859,596
1542237707862,597
1542237708860,596
1542237709879,596
1542237710860,596
1542237711866,597
1542237712868,596
1542237713867,596
1542237714865,596
1542237715870,596
1542237716878,596
1542237717880,596
1542237718878,597
1542237719874,596
1542237720878,596
1542237721876,596
1542237722879,596
1542237723888,597
1542237724881,596
1542237725887,596
1542237726884,597
1542237727883,596
1542237728886,596
1542237729890,596
1542237730887,596
1542237731892,596
1542237732900,596
1542237733894,596
1542237734892,596
1542237735896,596
1542237736900,596
1542237737899,596
1542237738902,596
1542237739901,596
1542237740911,596
1542237741902,596
1542237742905,596
1542237743913,596
1542237744917,596
1542237745917,596
1542237746922,596
1542237747914,596
1542237748912,596
1542237749925,596
1542237750918,596
1542237751919,596
1542237752925,596
1542237753920,596
1542237754917,596
1542237755922,596
1542237756927,596
1542237757923,596
1542237758930,596
1542237759926,596
1542237760939,596
1542237761929,596
1542237762933,596
1542237763937,596
1542237764935,596
1542237765938,596
1542237766936,596
1542237767941,596
1542237768938,596
1542237769943,596
1542237770949,596
1542237771945,596
1542237772949,596
1542237773947,596
1542237774950,596
1542237775949,596
1542237776953,596
1542237777950,596
1542237778955,596
1542237779960,596
1542237780957,596
1542237781956,596
1542237782961,596
1542237783963,596
1542237784961,596
1542237785965,596
1542237786963,596
1542237787967,596
1542237788975,596
1542237789980,596
1542237790969,596
1542237791971,596
1542237792975,596
1542237793974,596
1542237794977,596
1542237795974,596
1542237796987,596
1542237797979,596
1542237798993,596
1542237799988,596
1542237800983,596
1542237801986,596
1542237802985,596
1542237803989,596
1542237804993,596
1542237805991,596
1542237806994,596
1542237807993,596
1542237808991,596
1542237809994,596
1542237810999,596
1542237811997,596
1542237813000,596
1542237813998,596
1542237815004,596
1542237816011,596
1542237817005,596
1542237818005,596
1542237819006,596
1542237820012,596
1542237821009,596
1542237822013,596
1542237823011,596
1542237824015,596
1542237825017,596
1542237826017,596
1542237827022,596
1542237828022,596
1542237829022,596
1542237830020,596
1542237831026,596
1542237832023,596
1542237833027,596
1542237834030,596
1542237835030,596
1542237836034,596
1542237837031,596
1542237838036,596
1542237839033,596
1542237840037,596
1542237841046,596
1542237842039,596
1542237843047,596
1542237844040,596
1542237845046,596
1542237846044,596
1542237847048,596
1542237848046,596
1542237849049,596
1542237850058,596
1542237851052,596
1542237852059,596
1542237853054,596
1542237854051,596
1542237855055,596
1542237856060,596
1542237857057,596
1542237858062,596
1542237860064,596
1542237861061,596
1542237862066,596
1542237863073,596
1542237864068,596
1542237865071,596
1542237866070,596
1542237867074,596
1542237868082,596
1542237869076,596
1542237870078,596
1542237871079,596
1542237872084,596
1542237873079,596
1542237874085,596
1542237875082,596
1542237876086,596
1542237877084,596
1542237878089,596
1542237879087,596
1542237880090,596
1542237881095,596
1542237882101,596
1542237883095,596
1542237884094,596
1542237885098,596
1542237886095,596
1542237887100,595
1542237888108,596
1542237889103,596
1542237890107,596
1542237891103,596
1542237892108,596
1542237893107,596
1542237894110,596
1542237895108,595
1542237896111,596
1542237897114,596
1542237898113,596
1542237899118,596
1542237900116,596
1542237901120,596
1542237902118,595
1542237903123,596
1542237904119,595
1542237905124,596
1542237906130,596
1542237907126,596
1542237908129,596
1542237909128,595
1542237910131,596
1542237911129,596
1542237912135,595
1542237913132,595
1542237914143,595
1542237915140,596
1542237916138,596
1542237917142,596
1542237918140,595
1542237919143,595
1542237920141,595
1542237921146,595
1542237922144,595
1542237923150,595
1542237924148,595
1542237925150,596
1542237926154,595
1542237927151,595
1542237928157,595
1542237929153,596
1542237930158,596
1542237931156,595
1542237932163,595
1542237933160,595
1542237934162,596
1542237935166,595
1542237936163,595
1542237937168,595
1542237938166,595
1542237939169,595
1542237940178,595
1542237941175,595
1542237942169,595
1542237943174,595
1542237944178,595
1542237945176,595
1542237946179,595
1542237947177,595
1542237948182,595
1542237949179,595
1542237950184,595
1542237951193,595
1542237952186,595
1542237953191,595
1542237954187,595
1542237955192,595
1542237956190,595
1542237957194,595
1542237958202,595
1542237959196,595
1542237960208,595
1542237961198,595
1542237962202,595
1542237963201,595
1542237964207,595
1542237965202,595
1542237966205,595
1542237967209,595
1542237968208,595
1542237969208,595
1542237970210,595
1542237971227,595
1542237972211,595
1542237973217,595
1542237974213,595
1542237975218,595
1542237976227,595
1542237977220,595
1542237978226,595
1542237979221,595
1542237980227,595
1542237981223,595
1542237982236,595
1542237983226,595
1542237984230,595
1542237985233,595
1542237986232,595
1542237987237,595
1542237988249,595
1542237989238,595
1542237990247,595
1542237991239,595
1542237992238,595
1542237993241,595
1542237994249,595
1542237995244,595
1542237996251,595
1542237997246,595
1542237998251,595
1542237999249,595
1542238000252,595
1542238001250,595
1542238002254,595
1542238003255,595
1542238004258,595
1542238005264,595
1542238006258,595
1542238007263,595
1542238008260,595
1542238009272,595
1542238010262,595
1542238011267,595
1542238012271,595
1542238013268,595
1542238014273,595
1542238015271,595
1542238016276,595
1542238017273,595
1542238018276,595
1542238019274,595
1542238020278,595
1542238021278,595
1542238022279,595
1542238023285,595
1542238024282,595
1542238025293,595
1542238026283,595
1542238027289,595
1542238028286,595
1542238029291,595
1542238030294,595
1542238031293,595
1542238032299,595
1542238033295,595
1542238034299,595
1542238035296,595
1542238036304,595
1542238037299,595
1542238038303,595
1542238039300,595
1542238040304,595
1542238041309,595
1542238042307,595
1542238043312,595
1542238044319,595
1542238045315,595
1542238046312,595
1542238047315,595
1542238048324,595
1542238049317,595
1542238050322,595
1542238051318,595
1542238052323,595
1542238053322,595
1542238054327,595
1542238055330,595
1542238056327,595
1542238057332,595
1542238058329,595
1542238059327,595
1542238060331,595
1542238061336,595
1542238062333,595
1542238063339,595
1542238064335,595
1542238065339,595
1542238066339,595
1542238067340,595
1542238068346,595
1542238069344,595
1542238070348,595
1542238071346,595
1542238072350,595
1542238073346,595
1542238074352,595
1542238075350,595
1542238076354,595
1542238077353,595
1542238078355,595
1542238079360,595
1542238080358,595
1542238081362,595
1542238082360,595
1542238083363,595
1542238084364,595
1542238085366,595
1542238086392,595
1542238087368,595
1542238088373,595
1542238089371,595
1542238090374,595
1542238091370,595
1542238092376,595
1542238093374,595
1542238094378,595
1542238095376,595
1542238096380,595
1542238097385,595
1542238098381,595
1542238099386,595
1542238100383,595
1542238101388,595
1542238102386,595
1542238103390,595
1542238104394,595
1542238105393,595
1542238106397,595
1542238107394,595
1542238108398,595
1542238109405,595
1542238110400,595
1542238111406,595
1542238112402,595
1542238113405,595
1542238114403,595
1542238115408,595
1542238116406,595
1542238117410,595
1542238118422,595
1542238119414,595
1542238120419,595
1542238121414,594
1542238122418,595
1542238123417,595
1542238124420,595
1542238125418,595
1542238126422,594
1542238127424,595
1542238128424,595
1542238129422,595
1542238130426,595
1542238131432,595
1542238132427,595
1542238133433,595
1542238134429,595
1542238135435,595
1542238136432,595
1542238137436,595
1542238138435,595
1542238139438,595
1542238140445,595
1542238141440,595
1542238142445,595
1542238143442,595
1542238144446,595
1542238145447,595
1542238146448,595
1542238147453,595
1542238148450,595
1542238149457,595
1542238150452,595
1542238151457,595
1542238152453,595
1542238153459,595
1542238154466,595
1542238155461,595
1542238156470,595
1542238157462,594
1542238158468,595
1542238159465,595
1542238160468,595
1542238161477,595
1542238162472,595
1542238163478,595
1542238164485,595
1542238165472,595
1542238166474,595
1542238167480,595
1542238168483,595
1542238169481,595
1542238170479,595
1542238171483,595
1542238172488,594
1542238173493,595
1542238174490,595
1542238175502,595
1542238176492,594
1542238177489,594
1542238178493,595
1542238179491,595
1542238180495,595
1542238181494,594
1542238182506,595
1542238183494,595
1542238184500,595
1542238185503,594
1542238186501,594
1542238187505,595
1542238188502,594
1542238189508,595
1542238190510,594
1542238191509,594
1542238192515,595
1542238193510,594
1542238194516,595
1542238195513,594
1542238196517,594
1542238197515,595
1542238198520,594
1542238199516,594
1542238200522,595
1542238201521,595
1542238202524,594
1542238203529,594
1542238204525,594
1542238205530,594
1542238206528,594
1542238207532,594
1542238208530,594
1542238209533,595
1542238210536,594
1542238211536,594
1542238212539,594
1542238213537,594
1542238214542,594
1542238215539,594
1542238216545,594
1542238217540,594
1542238218546,594
1542238219544,595
1542238220548,594
1542238221553,594
1542238222549,594
1542238223555,594
1542238224552,595
1542238225556,594
1542238226565,594
1542238227558,594
1542238228555,595
1542238229560,594
1542238230564,594
1542238231562,594
1542238232566,594
1542238233564,595
1542238234567,594
1542238235576,594
1542238236570,595
1542238237569,594
1542238238572,594
1542238239577,594
1542238240573,594
1542238241578,594
1542238242575,594
1542238243581,594
1542238244589,594
1542238245582,594
1542238246585,594
1542238247585,594
1542238248589,594
1542238249587,594
1542238250590,594
1542238251589,594
1542238252593,594
1542238253600,594
1542238254604,594
1542238255594,594
1542238256597,594
1542238257601,594
1542238258600,594
1542238259603,594
1542238260602,594
1542238261605,594
1542238262611,594
1542238263608,594
1542238264612,594
1542238265609,594
1542238266616,594
1542238267612,594
1542238268616,594
1542238269612,594
1542238270620,594
1542238271623,594
1542238272619,594
1542238273623,594
1542238274621,594
1542238275626,594
1542238276629,594
1542238277628,594
1542238278636,594
1542238279642,594
1542238280632,594
1542238281631,594
1542238282637,594
1542238283633,594
1542238284639,594
1542238285637,594
1542238286640,594
1542238287648,594
1542238288641,594
1542238289647,594
1542238290644,594
1542238291648,594
1542238292656,594
1542238293649,594
1542238294654,594
1542238295652,594
1542238296649,594
1542238297655,594
1542238298659,594
1542238299660,594
1542238300660,594
1542238301658,594
1542238302664,594
1542238303672,594
1542238304665,594
1542238305663,594
1542238306667,594
1542238307671,594
1542238308668,594
1542238309674,594
1542238310672,594
1542238311674,594
1542238312683,594
1542238313678,594
1542238314675,594
1542238315680,594
1542238316683,594
1542238317682,594
1542238318686,594
1542238319683,594
1542238320688,594
1542238321693,594
1542238322690,594
1542238323695,594
1542238324692,594
1542238325696,594
1542238326694,594
1542238327698,594
1542238328710,594
1542238329700,594
1542238330706,594
1542238331703,594
1542238332705,594
1542238333704,594
1542238334709,594
1542238335709,594
1542238336710,594
1542238337719,594
1542238338736,594
1542238339719,594
1542238340725,594
1542238341719,594
1542238342716,594
1542238343721,594
1542238344731,594
1542238345723,594
1542238346731,594
1542238347724,594
1542238348722,594
1542238349726,594
1542238350738,594
1542238351728,594
1542238352733,594
1542238353731,594
1542238354734,594
1542238355735,594
1542238356735,594
1542238357743,594
1542238358738,594
1542238359743,594
1542238360741,594
1542238361744,594
1542238362743,594
1542238363752,594
1542238364753,594
1542238365766,594
1542238366750,594
1542238367750,594
1542238368755,594
1542238369752,594
1542238370757,594
1542238371754,594
1542238372759,594
1542238373757,594
1542238374760,594
1542238375765,594
1542238376763,594
1542238377778,594
1542238378763,594
1542238379768,594
1542238380772,594
1542238381769,594
1542238382778,594
1542238383787,594
1542238384778,594
1542238385774,594
1542238386784,594
1542238387777,594
1542238388780,594
1542238389791,594
1542238390782,594
1542238391779,594
1542238392792,594
1542238393789,594
1542238394786,594
1542238395795,594
1542238396787,594
1542238397793,594
1542238398800,594
1542238399794,594
1542238400799,594
1542238401798,594
1542238402801,594
1542238403798,594
1542238404802,594
1542238405810,594
1542238406805,594
1542238407812,594
1542238408807,594
1542238409810,594
1542238410809,594
1542238411813,594
1542238412810,594
1542238413815,594
1542238414813,594
1542238415817,594
1542238416825,594
1542238417818,594
1542238418824,594
1542238419821,594
1542238420826,594
1542238421823,594
1542238422827,594
1542238423834,594
1542238424830,594
1542238425835,594
1542238426831,594
1542238427835,594
1542238428833,594
1542238429838,594
1542238430836,594
1542238431840,594
1542238432847,594
1542238433841,594
1542238434846,594
1542238435844,594
1542238436848,594
1542238437846,594
1542238438850,594
1542238439848,594
1542238440852,594
1542238441850,594
1542238442854,594
1542238443858,594
1542238444856,594
1542238445860,594
1542238446858,594
1542238447863,594
1542238448859,594
1542238449864,594
1542238450872,594
1542238451865,594
1542238452873,594
1542238453868,594
1542238454872,594
1542238455870,594
1542238456874,594
1542238457872,594
1542238458875,594
1542238459873,594
1542238460878,594
1542238461876,594
1542238462880,594
1542238463892,594
1542238464882,594
1542238465887,594
1542238466884,594
1542238467902,594
1542238468889,594
1542238469890,594
1542238470894,594
1542238471893,594
1542238472895,594
1542238473894,594
1542238474901,594
1542238475899,594
1542238476899,594
1542238477903,594
1542238478906,594
1542238479906,594
1542238480904,594
1542238481909,594
1542238482905,594
1542238483910,594
1542238484907,594
1542238485912,594
1542238486915,594
1542238487914,594
1542238488918,594
1542238489915,594
1542238490921,594
1542238491918,594
1542238492923,594
1542238493931,594
1542238494924,594
1542238495929,594
1542238496926,594
1542238497930,594
1542238498928,594
1542238499932,594
1542238500930,594
1542238501935,594
1542238502943,594
1542238503936,594
1542238504938,594
1542238505938,594
1542238506942,594
1542238507940,594
1542238508943,594
1542238509941,594
1542238510946,594
1542238511944,594
1542238512948,594
1542238513946,594
1542238514950,594
1542238515954,594
1542238516951,594
1542238517957,594
1542238518955,594
1542238519957,594
1542238520966,594
1542238521961,594
1542238522961,594
1542238523963,594
1542238524966,594
1542238525965,594
1542238526969,594
1542238527967,594
1542238528971,594
1542238529979,594
1542238530973,594
1542238531986,594
1542238532974,594
1542238533981,594
1542238534977,593
1542238535981,594
1542238536979,594
1542238537982,593
1542238538988,594
1542238539993,594
1542238540991,594
1542238541986,594
1542238542991,594
1542238543989,594
1542238544992,593
1542238545990,594
1542238546993,594
1542238547995,594
1542238548997,594
1542238549994,594
1542238550999,593
1542238552002,594
1542238553000,593
1542238554003,593
1542238555002,594
1542238556006,594
1542238557008,594
1542238558008,594
1542238559016,594
1542238560009,594
1542238561025,594
1542238562012,594
1542238563017,594
1542238564021,594
1542238565020,594
1542238566015,594
1542238567020,594
1542238568017,594
1542238569022,594
1542238570026,594
1542238571024,593
1542238572028,593
1542238573025,593
1542238574030,593
1542238575028,594
1542238576040,593
1542238577030,594
1542238578044,594
1542238579031,594
1542238580035,594
1542238581039,594
1542238582038,594
1542238583042,594
1542238584040,594
1542238585044,594
1542238586043,594
1542238587046,594
1542238588049,594
1542238589054,594
1542238590052,594
1542238591050,594
1542238592054,594
1542238594056,594
1542238595054,594
1542238596057,594
1542238597063,594
1542238598059,593
1542238599065,593
1542238600062,594
1542238601066,593
1542238602066,594
1542238603077,594
1542238604072,593
1542238606074,593
1542238607082,593
1542238608084,593
1542238609080,593
1542238610078,593
1542238611076,594
1542238612081,594
1542238613086,593
1542238614083,593
1542238615085,593
1542238616085,593
1542238617088,593
1542238618086,593
1542238619091,593
1542238620090,594
1542238621092,593
1542238622098,593
1542238623095,593
1542238624099,593
1542238625097,593
1542238626101,593
1542238627099,593
1542238628103,593
1542238629107,593
1542238630106,594
1542238631103,593
1542238632107,593
1542238633112,593
1542238634114,593
1542238635114,593
1542238636110,593
1542238637116,593
1542238638119,593
1542238639117,593
1542238640125,593
1542238641119,593
1542238642124,593
1542238643131,593
1542238644136,593
1542238645123,593
1542238646127,593
1542238647132,593
1542238648128,593
1542238649132,593
1542238650131,593
1542238651136,593
1542238652144,593
1542238653142,593
1542238654135,593
1542238655140,593
1542238656137,593
1542238657141,593
1542238658139,593
1542238659144,593
1542238660163,593
1542238661146,593
1542238662151,593
1542238663148,593
1542238664152,593
1542238665162,593
1542238666154,593
1542238667156,593
1542238668156,593
1542238669160,593
1542238670159,593
1542238671160,593
1542238672159,593
1542238673163,593
1542238674161,593
1542238675164,593
1542238676184,593
1542238677168,593
1542238678172,593
1542238679171,593
1542238680173,593
1542238681172,593
1542238682175,593
1542238683182,593
1542238684178,593
1542238685186,593
1542238686179,593
1542238687184,593
1542238688181,593
1542238689188,593
1542238690192,593
1542238691187,593
1542238692186,593
1542238693189,593
1542238694188,593
1542238695204,593
1542238696190,593
1542238697193,593
1542238698198,593
1542238699202,593
1542238700200,593
1542238701197,593
1542238702202,593
1542238703200,593
1542238704203,593
1542238705222,593
1542238706205,593
1542238707222,593
1542238708219,593
1542238709212,593
1542238710209,593
1542238711214,593
1542238712216,593
1542238713215,593
1542238714220,593
1542238715218,593
1542238716222,593
1542238717220,593
1542238718224,593
1542238719222,593
1542238720226,593
1542238721228,593
1542238722228,593
1542238723225,593
1542238724230,593
1542238725234,593
1542238726231,593
1542238727236,593
1542238728232,593
1542238729238,593
1542238730241,593
1542238731239,593
1542238732242,593
1542238733240,593
1542238734246,593
1542238735243,593
1542238736248,593
1542238737245,593
1542238738250,593
1542238739247,593
1542238740252,593
1542238741268,593
1542238742253,593
1542238743258,593
1542238744254,593
1542238745260,593
1542238746257,593
1542238747265,593
1542238748259,593
1542238749264,593
1542238750269,593
1542238751279,593
1542238752271,593
1542238753268,593
1542238754272,593
1542238755269,593
1542238756274,593
1542238757282,593
1542238758276,593
1542238759285,593
1542238760292,593
1542238761282,593
1542238762280,593
1542238763284,593
1542238764281,593
1542238765286,593
1542238766293,593
1542238767296,593
1542238768295,593
1542238769290,593
1542238770295,593
1542238771292,593
1542238772306,593
1542238773292,593
1542238774312,593
1542238775301,593
1542238776300,593
1542238777300,593
1542238778302,593
1542238779306,593
1542238780303,593
1542238781308,593
1542238782315,593
1542238783310,593
1542238784313,593
1542238785312,593
1542238786317,593
1542238787314,593
1542238788318,593
1542238790320,593
1542238791329,593
1542238792332,593
1542238793324,593
1542238794333,593
1542238795329,593
1542238796325,593
1542238797329,593
1542238798328,593
1542238799332,593
1542238800329,593
1542238801334,593
1542238802335,593
1542238803338,593
1542238804340,593
1542238805343,593
1542238806352,593
1542238807338,593
1542238808346,593
1542238809340,593
1542238810346,593
1542238811342,593
1542238812347,593
1542238813347,593
1542238814349,593
1542238815354,593
1542238816352,593
1542238817366,593
1542238818364,593
1542238819358,593
1542238820356,593
1542238821368,593
1542238822368,593
1542238823362,593
1542238824366,593
1542238825362,593
1542238826376,593
1542238827365,593
1542238828370,593
1542238829368,593
1542238830371,593
1542238831369,593
1542238832373,593
1542238833378,593
1542238834375,593
1542238835382,593
1542238836387,593
1542238837381,593
1542238838379,593
1542238839383,593
1542238840383,593
1542238841386,593
1542238842390,593
1542238843392,592
1542238844390,593
1542238845388,593
1542238846394,593
1542238847393,593
1542238848396,593
1542238849397,593
1542238850396,593
1542238851402,593
1542238852398,593
1542238853403,593
1542238854412,593
1542238855405,593
1542238856403,593
1542238857407,593
1542238858412,593
1542238859408,593
1542238860413,593
1542238861411,593
1542238862415,593
1542238863413,592
1542238864417,593
1542238865425,593
1542238866419,593
1542238867419,593
1542238868421,593
1542238869421,593
1542238870422,593
1542238871427,593
1542238872424,593
1542238873429,592
1542238874427,592
1542238875431,592
1542238876439,592
1542238877432,593
1542238878441,593
1542238879444,593
1542238880450,593
1542238881437,593
1542238882445,593
1542238883439,593
1542238884443,593
1542238885445,593
1542238886444,593
1542238887449,593
1542238888447,593
1542238889462,593
1542238890449,593
1542238891452,593
1542238892450,593
1542238893455,593
1542238894454,593
1542238895457,592
1542238896463,592
1542238897459,593
1542238898462,593
1542238899460,593
1542238900465,592
1542238901463,592
1542238902466,593
1542238903477,593
1542238904468,593
1542238905465,593
1542238906471,593
1542238907474,593
1542238908472,593
1542238909476,592
1542238910473,592
1542238911478,592
1542238912475,592
1542238913480,592
1542238914480,592
1542238915482,592
1542238916487,592
1542238917486,592
1542238918489,592
1542238919485,592
1542238920490,592
1542238921488,592
1542238922492,592
1542238923498,592
1542238924494,592
1542238925498,593
1542238926497,593
1542238927501,592
1542238928512,592
1542238929502,593
1542238930505,592
1542238931504,593
1542238932514,593
1542238933505,592
1542238934518,592
1542238935507,592
1542238936513,592
1542238937518,592
1542238938523,592
1542238939519,592
1542238940521,592
1542238941521,592
1542238942518,592
1542238943523,593
1542238944525,592
1542238945528,592
1542238946522,592
1542238947526,592
1542238948533,592
1542238949529,592
1542238950534,592
1542238951531,592
1542238952535,592
1542238953533,592
1542238954536,592
1542238955534,592
1542238956539,592
1542238957546,592
1542238958541,592
1542238959540,592
1542238960543,592
1542238961548,592
1542238963549,592
1542238964546,592
1542238965551,592
1542238966553,592
1542238967552,592
1542238968554,592
1542238969554,592
1542238970559,592
1542238971557,592
1542238972560,592
1542238973559,592
1542238974562,592
1542238975560,592
1542238976565,592
1542238977567,592
1542238978567,592
1542238979571,592
1542238980570,592
1542238981573,592
1542238982571,592
1542238983574,592
1542238984572,592
1542238985576,592
1542238986574,592
1542238987579,592
1542238988583,592
1542238989581,592
1542238990584,592
1542238991581,592
1542238992587,592
1542238993585,592
1542238994589,592
1542238995587,592
1542238996590,592
1542238997595,592
1542238998594,592
1542238999597,592
1542239000595,592
1542239001598,592
1542239002596,592
1542239003600,592
1542239004608,592
1542239005602,592
1542239006607,592
1542239007604,592
1542239008609,593
1542239009617,593
1542239010617,592
1542239011608,593
1542239012613,592
1542239013620,592
1542239014623,593
1542239015620,593
1542239016624,593
1542239017626,593
1542239018618,593
1542239019623,592
1542239020621,592
1542239021634,593
1542239022627,593
1542239023629,593
1542239024644,592
1542239025638,593
1542239026643,593
1542239027631,592
1542239028642,592
1542239029643,592
1542239030637,592
1542239031654,592
1542239032639,592
1542239033644,592
1542239034641,592
1542239035647,592
1542239036649,592
1542239037646,592
1542239038647,592
1542239039655,592
1542239040650,592
1542239041651,592
1542239042649,592
1542239043653,592
1542239044657,592
1542239045654,592
1542239046660,592
1542239047657,592
1542239048660,592
1542239049667,592
1542239050662,592
1542239051668,592
1542239052666,592
1542239053670,592
1542239054668,592
1542239055675,592
1542239056669,592
1542239057674,592
1542239058674,592
1542239059676,592
1542239060681,592
1542239061680,592
1542239062682,592
1542239063681,592
1542239064692,592
1542239065681,592
1542239066685,592
1542239067705,592
1542239068688,592
1542239069692,592
1542239070690,592
1542239071694,592
1542239072691,592
1542239073696,592
1542239074693,592
1542239075698,592
1542239076701,592
1542239077700,592
1542239078703,592
1542239079700,592
1542239080705,592
1542239081703,592
1542239082724,592
1542239083716,592
1542239084710,592
1542239085706,592
1542239086712,592
1542239087722,592
1542239088724,592
1542239089712,592
1542239090714,592
1542239091732,592
1542239092719,592
1542239093722,592
1542239094718,592
1542239095724,592
1542239096728,592
1542239097726,592
1542239098727,592
1542239099727,592
1542239100732,592
1542239101730,592
1542239102734,592
1542239103731,592
1542239104734,592
1542239105739,592
1542239106737,592
1542239107745,592
1542239108740,592
1542239109743,592
1542239110742,592
1542239111746,592
1542239112742,592
1542239113748,592
1542239114747,592
1542239115749,592
1542239116755,592
1542239117751,592
1542239118756,592
1542239119754,592
1542239120772,592
1542239121754,592
1542239122760,592
1542239123767,592
1542239124761,592
1542239125763,592
1542239126763,592
1542239127768,592
1542239128766,592
1542239129770,592
1542239130767,592
1542239131771,592
1542239132798,592
1542239133773,592
1542239134778,592
1542239135776,592
1542239136780,592
1542239137777,592
1542239138786,592
1542239139789,592
1542239140788,592
1542239141805,592
1542239142799,592
1542239143791,592
1542239144800,592
1542239145793,592
1542239146789,592
1542239147803,592
1542239148792,592
1542239149797,592
1542239150815,592
1542239151807,592
1542239152803,592
1542239153809,592
1542239154818,592
1542239155802,592
1542239156812,592
1542239157804,592
1542239158808,592
1542239159817,592
1542239160809,592
1542239161815,592
1542239162815,592
1542239163829,592
1542239164814,592
1542239165819,592
1542239166820,592
1542239167822,592
1542239168825,592
1542239169823,592
1542239170827,592
1542239171825,592
1542239172829,592
1542239173827,592
1542239174830,592
1542239175829,592
1542239176833,592
1542239177837,592
1542239178836,592
1542239179838,592
1542239180837,592
1542239181842,592
1542239182838,592
1542239183843,592
1542239184841,592
1542239185846,592
1542239186849,592
1542239187847,592
1542239188852,592
1542239189848,592
1542239190854,592
1542239191851,592
1542239192855,592
1542239193863,592
1542239194856,592
1542239195861,592
1542239196859,592
1542239197863,592
1542239198861,592
1542239199865,592
1542239200862,592
1542239201867,592
1542239202869,592
1542239203869,592
1542239204868,592
1542239205870,592
1542239206875,592
1542239207874,592
1542239208877,592
1542239209875,592
1542239210880,592
1542239211883,592
1542239212880,592
1542239213886,592
1542239214884,592
1542239215888,592
1542239216896,592
1542239217890,592
1542239218887,592
1542239219892,592
1542239220895,592
1542239221894,592
1542239222900,592
1542239223895,592
1542239224900,592
1542239225898,592
1542239226902,592
1542239227899,592
1542239228904,592
1542239229902,592
1542239230906,592
1542239231910,592
1542239232908,592
1542239233910,592
1542239234909,592
1542239235914,592
1542239236912,592
1542239237915,592
1542239238923,592
1542239239917,592
1542239240921,592
1542239241918,592
1542239242925,592
1542239243920,592
1542239244926,592
1542239245923,592
1542239246928,592
1542239247941,592
1542239248929,592
1542239249932,592
1542239250931,592
1542239251937,592
1542239252932,592
1542239253940,592
1542239254935,592
1542239255940,592
1542239256938,592
1542239257942,592
1542239258942,592
1542239259944,592
1542239260947,592
1542239261956,592
1542239262950,592
1542239263946,592
1542239264952,592
1542239265950,592
1542239266954,592
1542239267966,592
1542239268956,592
1542239269966,592
1542239270957,592
1542239271963,592
1542239272959,592
1542239273964,592
1542239274964,592
1542239275966,592
1542239276964,592
1542239277968,592
1542239278970,592
1542239279969,592
1542239280974,592
1542239281971,592
1542239282978,592
1542239283993,592
1542239284978,592
1542239285980,592
1542239286979,592
1542239287983,592
1542239288992,592
1542239289984,592
1542239290982,592
1542239291986,592
1542239292993,592
1542239293989,592
1542239294986,592
1542239295990,592
1542239296994,592
1542239297991,592
1542239299012,592
1542239299993,592
1542239300999,592
1542239302008,592
1542239303001,592
1542239303999,592
1542239305001,592
1542239306007,592
1542239307004,592
1542239308008,592
1542239309006,592
1542239310010,592
1542239311007,592
1542239312013,592
1542239313010,592
1542239314015,592
1542239315032,592
1542239316016,592
1542239317021,592
1542239318017,592
1542239319023,592
1542239320020,592
1542239321024,592
1542239322028,592
1542239323025,592
1542239324031,592
1542239325029,592
1542239326033,592
1542239327030,592
1542239328035,592
1542239329039,592
1542239330036,592
1542239331041,592
1542239332039,592
1542239333043,592
1542239334041,592
1542239335044,592
1542239336052,592
1542239337057,592
1542239338054,592
1542239339062,592
1542239340062,592
1542239341062,592
1542239342055,592
1542239343052,592
1542239344057,592
1542239345065,592
1542239346059,592
1542239347059,592
1542239348063,592
1542239349066,592
1542239350062,592
1542239351067,592
1542239352082,592
1542239353069,592
1542239354076,592
1542239355071,592
1542239356075,592
1542239357073,592
1542239358074,592
1542239359074,592
1542239360078,592
1542239361076,592
1542239362081,592
1542239363077,592
1542239364083,592
1542239365081,592
1542239366084,592
1542239367083,592
1542239368087,592
1542239369090,592
1542239370089,592
1542239371092,592
1542239372089,592
1542239373095,592
1542239374091,592
1542239375097,592
1542239376094,592
1542239377097,592
1542239378103,592
1542239379100,592
1542239380105,592
1542239381102,592
1542239382107,592
1542239383103,592
1542239384108,592
1542239385109,592
1542239386110,592
1542239387114,592
1542239388112,592
1542239389117,592
1542239390113,592
1542239391118,592
1542239392116,592
1542239393119,592
1542239394117,592
1542239395121,592
1542239397124,592
1542239398128,592
1542239399126,592
1542239400130,592
1542239401138,592
1542239402131,592
1542239403133,592
1542239404134,592
1542239405138,592
1542239406136,592
1542239407141,592
1542239408137,592
1542239409142,592
1542239410140,592
1542239411144,592
1542239412151,592
1542239413145,592
1542239414150,592
1542239415148,592
1542239416152,592
1542239417150,592
1542239418154,592
1542239419152,592
1542239420156,592
1542239422158,592
1542239423156,592
1542239424160,592
1542239425164,592
1542239426162,592
1542239427165,592
1542239428164,592
1542239429167,592
1542239430170,592
1542239431170,592
1542239432167,592
1542239433171,592
1542239434176,592
1542239435174,592
1542239436177,592
1542239437176,592
1542239438181,592
1542239439187,592
1542239440182,592
1542239441184,592
1542239442184,592
1542239443188,592
1542239444186,591
1542239445191,591
1542239446197,592
1542239447194,592
1542239448189,592
1542239449195,592
1542239450193,592
1542239451196,592
1542239452200,591
1542239453197,591
1542239454203,592
1542239455200,591
1542239456204,592
1542239457202,592
1542239458218,591
1542239459217,591
1542239460216,592
1542239461211,592
1542239462210,592
1542239463212,592
1542239464211,592
1542239465215,591
1542239466217,592
1542239467218,592
1542239468219,592
1542239469220,592
1542239470224,592
1542239471222,591
1542239472225,592
1542239473223,592
1542239474228,592
1542239475225,592
1542239476234,591
1542239477227,591
1542239478231,591
1542239479235,592
1542239480233,591
1542239481236,592
1542239482235,592
1542239483240,591
1542239484236,591
1542239485241,591
1542239486241,592
1542239487242,592
1542239488248,592
1542239489245,591
1542239490250,592
1542239491258,591
1542239492251,591
1542239493249,591
1542239494254,591
1542239495257,591
1542239496255,591
1542239497253,591
1542239498263,591
1542239499260,591
1542239500259,592
1542239501264,592
1542239502260,592
1542239503265,591
1542239504270,591
1542239505268,591
1542239506272,591
1542239507268,591
1542239508274,591
1542239509272,591
1542239510276,592
1542239511279,591
1542239512277,592
1542239513278,591
1542239514279,591
1542239515284,591
1542239516282,592
1542239517286,591
1542239518284,592
1542239519288,591
1542239520291,592
1542239521288,591
1542239522296,592
1542239523294,592
1542239524296,592
1542239525293,591
1542239526302,591
1542239527305,592
1542239528298,592
1542239529310,591
1542239530301,591
1542239531306,591
1542239532312,592
1542239533308,591
1542239534305,592
1542239535310,591
1542239536306,591
1542239537312,591
1542239538317,591
1542239539314,591
1542239540317,591
1542239541316,591
1542239542320,591
1542239543318,591
1542239544322,591
1542239545320,591
1542239546323,591
1542239547322,591
1542239548327,591
1542239549330,592
1542239550328,591
1542239551332,591
1542239552341,591
1542239553335,591
1542239554331,591
1542239555336,591
1542239556342,591
1542239557338,591
1542239558342,591
1542239559340,591
1542239560343,591
1542239561341,591
1542239562347,591
1542239563344,591
1542239564348,591
1542239565345,591
1542239566349,591
1542239567355,591
1542239568352,591
1542239569356,591
1542239570356,591
1542239571358,591
1542239572356,591
1542239573359,591
1542239574361,591
1542239575362,591
1542239576366,591
1542239577364,591
1542239578368,591
1542239579369,591
1542239580369,591
1542239581367,591
1542239582372,591
1542239583370,591
1542239584374,591
1542239585378,591
1542239586375,591
1542239587380,591
1542239588377,591
1542239590387,591
1542239591383,591
1542239592392,591
1542239593385,591
1542239594390,591
1542239595388,591
1542239596392,591
1542239597390,591
1542239598393,591
1542239599401,591
1542239600396,591
1542239601398,591
1542239602398,591
1542239603401,592
1542239604399,591
1542239605403,591
1542239606401,591
1542239607406,591
1542239608402,591
1542239609408,591
1542239611409,591
1542239612414,591
1542239613411,591
1542239614416,591
1542239615414,591
1542239616418,591
1542239617426,591
1542239618419,591
1542239619419,591
1542239620422,591
1542239621426,591
1542239622423,591
1542239623427,591
1542239624425,591
1542239625430,591
1542239626427,591
1542239627431,591
1542239628429,591
1542239629434,591
1542239630437,591
1542239631434,591
1542239632440,591
1542239633437,591
1542239634441,591
1542239635438,591
1542239636443,591
1542239637449,591
1542239638444,591
1542239639450,591
1542239640446,591
1542239641452,591
1542239642449,591
1542239643453,591
1542239644450,591
1542239645455,591
1542239646454,591
1542239647457,591
1542239648462,591
1542239649458,591
1542239650464,591
1542239651462,591
1542239652467,591
1542239653463,591
1542239654467,591
1542239655465,591
1542239656468,591
1542239657474,591
1542239658469,591
1542239659476,591
1542239660472,591
1542239661477,591
1542239662474,591
1542239663479,591
1542239664482,591
1542239665481,591
1542239666484,591
1542239667482,591
1542239668487,591
1542239669484,591
1542239670489,591
1542239671487,591
1542239672491,591
1542239673489,591
1542239674507,591
1542239675499,591
1542239676495,591
1542239677498,591
1542239678497,591
1542239679500,591
1542239680498,591
1542239681503,591
1542239682506,591
1542239683513,591
1542239684508,591
1542239685507,591
1542239686509,591
1542239687508,591
1542239688513,591
1542239689509,591
1542239690514,591
1542239691522,591
1542239692516,591
1542239693521,591
1542239694518,591
1542239695523,591
1542239696520,591
1542239697524,591
1542239698522,591
1542239699525,591
1542239700532,591
1542239701531,591
1542239702529,591
1542239703530,591
1542239704535,591
1542239705531,591
1542239706536,591
1542239707533,591
1542239708538,591
1542239709545,591
1542239710540,591
1542239711538,591
1542239712541,591
1542239713546,591
1542239714544,591
1542239715548,591
1542239716546,591
1542239717549,591
1542239718547,591
1542239719553,591
1542239720550,591
1542239721554,591
1542239722558,591
1542239723555,591
1542239724560,591
1542239725558,591
1542239726562,591
1542239727559,591
1542239728564,591
1542241016007,590
1542241016276,590
1542243112710,597
1542243113030,597
1542243114035,597
1542243115032,597
1542243116037,597
1542243117035,597
1542243204231,595
1542243205145,595
